Team,Season,Coach,QB,Actual,Vegas Total,Adj. Total,Result,Over,Under,Hold,Over,Under,Team,Opponent
NE,2017,Bill Belichick,Tom Brady,13,12.5,12.4582,Over,100,-120,0.0454545,0.478261,0.521739,4.08382,-0.969939
BUF,2025,Sean McDermott,Josh Allen,4,12.5,12.356,Active,125,-150,0.0444444,0.425532,0.574468,6.80145,-0.462154
NE,2008,Bill Belichick,Matt Cassel,11,12,12.2027,Under,-165,145,0.0308048,0.604034,0.395966,8.43764,-1.07746
KC,2021,Andy Reid,Patrick Mahomes,12,12,12.0823,Push,-130,110,0.0414079,0.542744,0.457256,4.06245,0.875983
NE,2012,Bill Belichick,Tom Brady,12,12,12,Push,-115,-115,0.0697674,0.5,0.5,4.1693,-1.18467
GB,2012,Mike McCarthy,Aaron Rodgers,11,12,11.736,Under,160,-200,0.0512821,0.365854,0.634146,4.32001,-0.498235
KC,2023,Andy Reid,Patrick Mahomes,11,11.5,11.6375,Under,-145,125,0.0362812,0.571116,0.428884,4.06277,2.03767
BUF,2022,Sean McDermott,Josh Allen,13,11.5,11.6197,Over,-140,120,0.0378788,0.562044,0.437956,5.89613,0.848113
KC,2020,Andy Reid,Patrick Mahomes,14,11.5,11.6156,Over,-145,115,0.056953,0.559946,0.440054,3.52892,0.0480299
NE,2009,Bill Belichick,Tom Brady,10,11.5,11.5785,Under,-135,105,0.062273,0.540791,0.459209,5.76565,0.0849743
BAL,2025,John Harbaugh,Lamar Jackson,1,11.5,11.5624,Active,-125,105,0.0433604,0.532468,0.467532,6.70286,1.14725
BAL,2020,John Harbaugh,Lamar Jackson,11,11.5,11.5,Under,-115,-115,0.0697674,0.5,0.5,4.44492,-0.201583
NE,2019,Bill Belichick,Tom Brady,12,11.5,11.5,Over,-110,-110,0.047619,0.5,0.5,4.59835,-1.13409
NE,2011,Bill Belichick,Tom Brady,13,11.5,11.5,Over,-115,-115,0.0697674,0.5,0.5,4.09253,0.992763
NE,2007,Bill Belichick,Tom Brady,16,11.5,11.5,Over,-110,-110,0.047619,0.5,0.5,3.53098,0.158812
PHI,2005,Andy Reid,Donovan McNabb,6,11.5,11.4806,Under,-110,-120,0.0692641,0.489879,0.510121,6.57281,-0.627485
IND,2005,Tony Dungy,Peyton Manning,14,11.5,11.4806,Over,-110,-120,0.0692641,0.489879,0.510121,4.92534,-0.773963
DEN,2013,John Fox,Peyton Manning,13,11.5,11.461,Over,-105,-125,0.0677507,0.479695,0.520305,2.16003,-1.35352
TB,2021,Bruce Arians,Tom Brady,13,11.5,11.4582,Over,100,-120,0.0454545,0.478261,0.521739,3.61065,0.302578
DEN,2014,John Fox,Peyton Manning,12,11.5,11.4582,Over,100,-120,0.0454545,0.478261,0.521739,5.61133,0.15065
SF,2024,Kyle Shanahan,Brock Purdy,6,11.5,11.4546,Under,100,-122,0.0495495,0.476395,0.523605,6.91251,0.904165
CIN,2023,Zac Taylor,Joe Burrow,9,11.5,11.4376,Under,105,-125,0.0433604,0.467532,0.532468,6.31912,0.430023
KC,2024,Andy Reid,Patrick Mahomes,15,11.5,11.4233,Over,109,-128,0.0398724,0.460123,0.539877,2.91319,-0.11498
KC,2025,Andy Reid,Patrick Mahomes,2,11.5,11.4177,Active,110,-130,0.0414079,0.457256,0.542744,6.58069,1.39165
PHI,2023,Nick Sirianni,Jalen Hurts,11,11.5,11.4177,Under,110,-130,0.0414079,0.457256,0.542744,5.21986,0.537633
TB,2022,Todd Bowles,Tom Brady,8,11.5,11.4177,Under,110,-130,0.0414079,0.457256,0.542744,5.27904,0.563175
IND,2006,Tony Dungy,Peyton Manning,12,11.5,11.4177,Over,110,-130,0.0414079,0.457256,0.542744,2.28539,-0.225991
GB,2011,Mike McCarthy,Aaron Rodgers,15,11.5,11.3668,Over,120,-150,0.0545455,0.431034,0.568965,5.87424,0.438565
SF,2013,Jim Harbaugh,Colin Kaepernick,12,11.5,11.2632,Over,150,-190,0.0551724,0.379085,0.620915,3.64252,0.0981982
BAL,2024,John Harbaugh,Lamar Jackson,12,11.5,11.187,Over,180,-218,0.0426774,0.342525,0.657475,3.80072,0.447738
NE,2018,Bill Belichick,Tom Brady,11,11,11.0418,Push,-120,100,0.0454545,0.521739,0.478261,2.21325,-0.780163
SEA,2015,Pete Carroll,Russell Wilson,10,11,11.0418,Under,-120,100,0.0454545,0.521739,0.478261,3.16701,-0.496604
GB,2022,Matt LaFleur,Aaron Rodgers,8,11,11,Under,-110,-110,0.047619,0.5,0.5,5.15911,0.0492601
SEA,2014,Pete Carroll,Russell Wilson,12,11,11,Over,-110,-110,0.047619,0.5,0.5,3.44924,1.02786
BAL,2021,John Harbaugh,Lamar Jackson,8,11,10.9792,Under,-105,-115,0.0470788,0.489166,0.510834,5.75569,0.929327
GB,2021,Matt LaFleur,Aaron Rodgers,13,11,10.9376,Over,105,-125,0.0433604,0.467532,0.532468,4.58449,0.8883
NE,2005,Bill Belichick,Tom Brady,10,11,10.9026,Under,110,-140,0.0595238,0.449438,0.550562,4.41134,1.02485
LAC,2011,Norv Turner,Philip Rivers,8,11,10.8844,Under,115,-145,0.056953,0.440054,0.559946,6.32326,0.396305
NE,2013,Bill Belichick,Tom Brady,12,11,10.8276,Over,130,-165,0.0574241,0.411171,0.588829,3.4658,0.250038
GB,2015,Mike McCarthy,Aaron Rodgers,10,11,10.8128,Under,140,-160,0.0320513,0.403727,0.596273,2.74214,-0.384542
IND,2008,Tony Dungy,Peyton Manning,12,11,10.7973,Over,145,-165,0.0308048,0.395966,0.604034,6.37361,1.53139
NE,2014,Bill Belichick,Tom Brady,12,10.5,10.7465,Over,-180,160,0.0274725,0.625668,0.374332,2.26105,0.0611554
GB,2016,Mike McCarthy,Aaron Rodgers,10,10.5,10.7177,Under,-170,150,0.0296296,0.611511,0.388489,1.47137,-0.583061
IND,2015,Chuck Pagano,Matt Hasselbeck,8,10.5,10.6872,Under,-160,140,0.0320513,0.596273,0.403727,4.99099,-0.321307
SF,2023,Kyle Shanahan,Brock Purdy,12,10.5,10.6546,Over,-150,130,0.0347826,0.579832,0.420168,1.72737,0.15124
PIT,2017,Mike Tomlin,Ben Roethlisberger,13,10.5,10.6546,Over,-150,130,0.0347826,0.579832,0.420168,3.71143,-0.282635
PHI,2025,Nick Sirianni,Jalen Hurts,4,10.5,10.644,Active,-150,125,0.0444444,0.574468,0.425532,5.46796,1.73482
SEA,2016,Pete Carroll,Russell Wilson,10,10.5,10.6375,Under,-145,125,0.0362812,0.571116,0.428884,2.71978,0.0145798
PHI,2011,Andy Reid,Michael Vick,8,10.5,10.6332,Under,-150,120,0.0545455,0.568965,0.431034,5.35425,-0.0133099
PHI,2024,Nick Sirianni,Jalen Hurts,14,10.5,10.6275,Over,-144,121,0.0426526,0.566022,0.433978,0.848225,-0.003723
LAC,2007,Norv Turner,Philip Rivers,11,10.5,10.6197,Over,-140,120,0.0378788,0.562044,0.437956,2.58808,-0.105979
LAC,2008,Norv Turner,Philip Rivers,8,10.5,10.6013,Under,-135,115,0.0395844,0.552594,0.447406,2.88348,-0.966556
DAL,2008,Wade Phillips,Tony Romo,9,10.5,10.6013,Under,-135,115,0.0395844,0.552594,0.447406,4.98388,-0.604027
SEA,2013,Pete Carroll,Russell Wilson,13,10.5,10.5974,Over,-140,110,0.0595238,0.550562,0.449438,2.29735,0.0125097
BUF,2021,Sean McDermott,Josh Allen,11,10.5,10.5823,Over,-130,110,0.0414079,0.542744,0.457256,2.63781,0.284022
KC,2019,Andy Reid,Patrick Mahomes,12,10.5,10.5823,Over,-130,110,0.0414079,0.542744,0.457256,2.01971,0.351721
SEA,2017,Pete Carroll,Russell Wilson,9,10.5,10.5823,Under,-130,110,0.0414079,0.542744,0.457256,5.34482,-0.110732
NE,2015,Bill Belichick,Tom Brady,12,10.5,10.5823,Over,-130,110,0.0414079,0.542744,0.457256,3.88857,1.14182
BUF,2023,Sean McDermott,Josh Allen,11,10.5,10.5604,Over,-128,102,0.056453,0.531404,0.468596,3.89896,2.12064
IND,2010,Jim Caldwell,Peyton Manning,10,10.5,10.5588,Under,-130,100,0.0652174,0.530612,0.469388,5.52368,1.52439
NE,2016,Bill Belichick,Tom Brady,14,10.5,10.5418,Over,-120,100,0.0454545,0.521739,0.478261,1.91981,0.216421
IND,2007,Tony Dungy,Peyton Manning,13,10.5,10.5418,Over,-120,100,0.0454545,0.521739,0.478261,4.47469,0.370121
SF,2020,Kyle Shanahan,Nick Mullens,6,10.5,10.539,Under,-125,-105,0.0677507,0.520305,0.479695,5.94676,0.864446
PIT,2009,Mike Tomlin,Ben Roethlisberger,9,10.5,10.539,Under,-125,-105,0.0677507,0.520305,0.479695,4.01764,-1.09396
KC,2022,Andy Reid,Patrick Mahomes,14,10.5,10.5208,Over,-115,-105,0.0470788,0.510834,0.489166,2.74994,1.83953
PIT,2011,Mike Tomlin,Ben Roethlisberger,12,10.5,10.5194,Over,-120,-110,0.0692641,0.510121,0.489879,2.4628,-1.39426
DET,2024,Dan Campbell,Jared Goff,15,10.5,10.5085,Over,-110,-106,0.0383726,0.504452,0.495548,3.9675,1.14303
LAR,2022,Sean McVay,Matthew Stafford,5,10.5,10.5,Under,-110,-110,0.047619,0.5,0.5,5.54745,1.39827
NO,2020,Sean Payton,Drew Brees,12,10.5,10.5,Over,-115,-115,0.0697674,0.5,0.5,2.63879,0.0768899
LAC,2010,Norv Turner,Philip Rivers,9,10.5,10.5,Under,-115,-115,0.0697674,0.5,0.5,4.53958,-0.796366
TB,2003,Jon Gruden,Brad Johnson,7,10.5,10.5,Under,-115,-115,0.0697674,0.5,0.5,4.86835,0.125304
PIT,2006,Bill Cowher,Ben Roethlisberger,8,10.5,10.4806,Under,-110,-120,0.0692641,0.489879,0.510121,6.63378,1.79299
GB,2013,Mike McCarthy,Aaron Rodgers,8,10.5,10.461,Under,-105,-125,0.0677507,0.479695,0.520305,5.23214,1.57196
NO,2010,Sean Payton,Drew Brees,11,10.5,10.4412,Over,100,-130,0.0652174,0.469388,0.530612,2.93049,-1.02438
PHI,2004,Andy Reid,Donovan McNabb,13,10.5,10.4412,Over,100,-130,0.0652174,0.469388,0.530612,1.83505,0.228104
NE,2004,Bill Belichick,Tom Brady,14,10.5,10.4412,Over,100,-130,0.0652174,0.469388,0.530612,2.17109,0.236914
GB,2025,Matt LaFleur,Jordan Love,2,10.5,10.4376,Active,105,-125,0.0433604,0.467532,0.532468,4.71442,1.32143
SF,2025,Kyle Shanahan,Brock Purdy,4,10.5,10.4376,Active,105,-125,0.0433604,0.467532,0.532468,1.95396,-1.39298
LAR,2021,Sean McVay,Matthew Stafford,12,10.5,10.4376,Over,105,-125,0.0433604,0.467532,0.532468,1.12106,0.855483
BAL,2023,John Harbaugh,Lamar Jackson,13,10.5,10.4317,Over,104,-130,0.0554135,0.464459,0.535541,2.23854,0.757306
PIT,2016,Mike Tomlin,Ben Roethlisberger,11,10.5,10.4177,Over,110,-130,0.0414079,0.457256,0.542744,1.75824,-0.17396
SEA,2006,Mike Holmgren,Matt Hasselbeck,9,10.5,10.4177,Under,110,-130,0.0414079,0.457256,0.542744,1.72344,-0.987624
BAL,2011,John Harbaugh,Joe Flacco,12,10.5,10.4026,Over,110,-140,0.0595238,0.449438,0.550562,2.01315,-0.967544
GB,2014,Mike McCarthy,Aaron Rodgers,12,10.5,10.3987,Over,115,-135,0.0395844,0.447406,0.552594,3.2722,0.709238
CIN,2024,Zac Taylor,Joe Burrow,9,10.5,10.392,Under,116,-138,0.0427949,0.443964,0.556036,3.65668,-0.444628
GB,2017,Mike McCarthy,Brett Hundley,7,10.5,10.3803,Under,120,-140,0.0378788,0.437956,0.562044,5.12075,0.142425
CAR,2016,Ron Rivera,Cam Newton,6,10.5,10.3803,Under,120,-140,0.0378788,0.437956,0.562044,4.91902,0.172111
IND,2004,Tony Dungy,Peyton Manning,12,10.5,10.3668,Over,120,-150,0.0545455,0.431034,0.568965,3.10721,0.372713
DAL,2022,Mike McCarthy,Dak Prescott,12,10.5,10.3625,Over,125,-145,0.0362812,0.428884,0.571116,1.80606,-0.439399
LAR,2019,Sean McVay,Jared Goff,9,10.5,10.3625,Under,125,-145,0.0362812,0.428884,0.571116,5.08438,0.198726
PIT,2018,Mike Tomlin,Ben Roethlisberger,9,10.5,10.3625,Under,125,-145,0.0362812,0.428884,0.571116,4.83354,0.124777
NE,2006,Bill Belichick,Tom Brady,12,10.5,10.3625,Over,125,-145,0.0362812,0.428884,0.571116,0.486393,-1.23007
NO,2019,Sean Payton,Drew Brees,13,10.5,10.3454,Over,130,-150,0.0347826,0.420168,0.579832,4.02999,0.454912
PHI,2018,Doug Pederson,Carson Wentz,9,10.5,10.3454,Under,130,-150,0.0347826,0.420168,0.579832,3.20917,0.582385
HOU,2013,Gary Kubiak,Case Keenum,2,10.5,10.3438,Under,125,-160,0.0598291,0.419355,0.580645,3.19306,-1.54043
PHI,2003,Andy Reid,Donovan McNabb,12,10.5,10.3333,Over,130,-160,0.0501672,0.414013,0.585987,3.01655,1.1604
DAL,2024,Mike McCarthy,Cooper Rush,7,10.5,10.3238,Under,134,-161,0.0442087,0.409258,0.590742,4.09312,0.109029
SF,2014,Jim Harbaugh,Colin Kaepernick,8,10.5,10.2973,Under,145,-165,0.0308048,0.395966,0.604034,5.59585,1.01713
BUF,2024,Sean McDermott,Josh Allen,13,10.5,10.2752,Over,149,-179,0.0431835,0.384982,0.615018,2.42032,1.45866
HOU,2012,Gary Kubiak,Matt Schaub,12,10,10.2368,Over,-190,150,0.0551724,0.620915,0.379085,1.73545,-0.944834
ARI,2016,Bruce Arians,Carson Palmer,7,10,10.2177,Under,-170,150,0.0296296,0.611511,0.388489,4.34936,-0.0644318
NO,2014,Sean Payton,Drew Brees,7,10,10.1872,Under,-160,140,0.0320513,0.596273,0.403727,4.6156,0.295368
PHI,2019,Doug Pederson,Carson Wentz,9,10,10.1546,Under,-150,130,0.0347826,0.579832,0.420168,2.78008,-0.554986
NO,2011,Sean Payton,Drew Brees,13,10,10.1332,Over,-150,120,0.0545455,0.568965,0.431034,2.14306,0.0780309
SF,2021,Kyle Shanahan,Jimmy Garoppolo,10,10,10.1197,Push,-140,120,0.0378788,0.562044,0.437956,1.12963,-0.0865042
MIN,2018,Mike Zimmer,Kirk Cousins,8,10,10.1197,Under,-140,120,0.0378788,0.562044,0.437956,4.48737,0.119921
DEN,2015,Gary Kubiak,Peyton Manning,12,10,10.1197,Over,-140,120,0.0378788,0.562044,0.437956,0.913453,-0.153364
LAC,2009,Norv Turner,Philip Rivers,13,10,10.0974,Over,-140,110,0.0595238,0.550562,0.449438,2.70972,-0.225867
LAC,2022,Brandon Staley,Justin Herbert,10,10,10.0823,Push,-130,110,0.0414079,0.542744,0.457256,3.04826,0.955344
LAR,2018,Sean McVay,Jared Goff,13,10,10.0823,Over,-130,110,0.0414079,0.542744,0.457256,1.67857,0.39049
PHI,2015,Chip Kelly,Sam Bradford,7,10,10.0823,Under,-130,110,0.0414079,0.542744,0.457256,4.96686,0.877312
DAL,2010,Jason Garrett,Jon Kitna,6,10,10.0785,Under,-135,105,0.062273,0.540791,0.459209,6.12672,1.62396
GB,2018,Mike McCarthy,Aaron Rodgers,6,10,10.0418,Under,-120,100,0.0454545,0.521739,0.478261,4.20982,0.0120887
PIT,2012,Mike Tomlin,Ben Roethlisberger,8,10,10.039,Under,-125,-105,0.0677507,0.520305,0.479695,4.32027,0.237228
CLE,2021,Kevin Stefanski,Baker Mayfield,8,10,10.0208,Under,-115,-105,0.0470788,0.510834,0.489166,3.78853,0.574868
NYG,2009,Tom Coughlin,Eli Manning,8,10,10.0194,Under,-120,-110,0.0692641,0.510121,0.489879,4.70789,0.631258
JAX,2023,Doug Pederson,Trevor Lawrence,9,10,10,Under,-110,-110,0.047619,0.5,0.5,2.8979,-0.127846
DEN,2022,Nathaniel Hackett,Russell Wilson,5,10,10,Under,-110,-110,0.047619,0.5,0.5,3.96341,0.731586
SF,2022,Kyle Shanahan,Jimmy Garoppolo,13,10,10,Over,-110,-110,0.047619,0.5,0.5,1.19249,0.892496
IND,2021,Frank Reich,Carson Wentz,9,10,10,Under,-110,-110,0.047619,0.5,0.5,3.19587,0.0798499
IND,2009,Jim Caldwell,Peyton Manning,14,10,10,Over,-115,-115,0.0697674,0.5,0.5,0.897109,0.135375
DEN,2006,Mike Shanahan,Jake Plummer,9,10,10,Under,-110,-110,0.047619,0.5,0.5,4.84311,0.862544
CAR,2006,John Fox,Jake Delhomme,8,10,10,Under,-110,-110,0.047619,0.5,0.5,5.20537,1.28793
JAX,2008,Jack Del Rio,David Garrard,5,10,9.9792,Under,-105,-115,0.0470788,0.489166,0.510834,5.3015,0.923412
ATL,2011,Mike Smith,Matt Ryan,10,10,9.961,Push,-105,-125,0.0677507,0.479695,0.520305,3.11514,0.0779046
BAL,2010,John Harbaugh,Joe Flacco,12,10,9.961,Over,-105,-125,0.0677507,0.479695,0.520305,1.27536,-0.763327
ATL,2013,Mike Smith,Matt Ryan,4,10,9.94116,Under,100,-130,0.0652174,0.469388,0.530612,4.46418,0.638233
KC,2004,Dick Vermeil,Trent Green,7,10,9.94116,Under,100,-130,0.0652174,0.469388,0.530612,4.19177,0.191594
SEA,2021,Pete Carroll,Russell Wilson,7,10,9.93758,Under,105,-125,0.0433604,0.467532,0.532468,3.51285,0.418276
NYJ,2011,Rex Ryan,Mark Sanchez,8,10,9.92152,Under,105,-135,0.062273,0.459209,0.540791,4.57951,0.605281
BAL,2005,Brian Billick,Kyle Boller,6,10,9.92152,Under,105,-135,0.062273,0.459209,0.540791,3.63324,-0.269198
PHI,2012,Andy Reid,Michael Vick,4,10,9.9026,Under,110,-140,0.0595238,0.449438,0.550562,4.57649,0.767399
SF,2012,Jim Harbaugh,Alex Smith,11,10,9.9026,Over,110,-140,0.0595238,0.449438,0.550562,1.09406,-0.0305965
CHI,2007,Lovie Smith,Rex Grossman,7,10,9.89866,Under,115,-135,0.0395844,0.447406,0.552594,3.04633,-1.01591
LAC,2019,Anthony Lynn,Philip Rivers,5,10,9.88027,Under,120,-140,0.0378788,0.437956,0.562044,3.52515,-0.330322
GB,2003,Mike Sherman,Brett Favre,10,10,9.83327,Push,130,-160,0.0501672,0.414013,0.585987,1.71785,0.275517
BAL,2012,John Harbaugh,Joe Flacco,10,10,9.76318,Push,150,-190,0.0551724,0.379085,0.620915,1.01724,1.09007
DAL,2023,Mike McCarthy,Dak Prescott,12,9.5,9.70804,Over,-170,145,0.0377929,0.606701,0.393299,2.42265,0.899072
MIA,2024,Mike McDaniel,Tua Tagovailoa,8,9.5,9.69296,Under,-167,139,0.0438782,0.599177,0.400823,3.62533,0.810241
NYJ,2024,Robert Saleh,Aaron Rodgers,5,9.5,9.67501,Under,-160,134,0.042735,0.590164,0.409836,3.17184,0.384734
GB,2010,Mike McCarthy,Aaron Rodgers,10,9.5,9.66673,Over,-160,130,0.0501672,0.585987,0.414013,0.655834,0.602034
BAL,2022,John Harbaugh,Lamar Jackson,10,9.5,9.63746,Over,-145,125,0.0362812,0.571116,0.428884,2.2349,0.573728
IND,2022,Frank Reich,Matt Ryan,4,9.5,9.63746,Under,-145,125,0.0362812,0.571116,0.428884,2.22554,-0.368511
PIT,2005,Bill Cowher,Ben Roethlisberger,11,9.5,9.63325,Over,-150,120,0.0545455,0.568965,0.431034,0.30309,0.262197
PIT,2003,Bill Cowher,Tommy Maddox,6,9.5,9.63325,Under,-150,120,0.0545455,0.568965,0.431034,3.02882,-0.0634003
OAK,2003,Bill Callahan,Rick Mirer,4,9.5,9.63325,Under,-150,120,0.0545455,0.568965,0.431034,3.67257,0.653448
ATL,2024,Raheem Morris,Kirk Cousins,8,9.5,9.62749,Under,-144,121,0.0426526,0.566022,0.433978,1.11995,-1.53091
LAR,2025,Sean McVay,Matthew Stafford,3,9.5,9.62667,Active,-145,120,0.0463822,0.565603,0.434397,2.0306,0.0718921
PHI,2022,Nick Sirianni,Jalen Hurts,14,9.5,9.61973,Over,-140,120,0.0378788,0.562044,0.437956,-0.597905,-0.722031
NO,2018,Sean Payton,Drew Brees,13,9.5,9.61973,Over,-140,120,0.0378788,0.562044,0.437956,2.47861,1.16301
KC,2016,Andy Reid,Alex Smith,12,9.5,9.61973,Over,-140,120,0.0378788,0.562044,0.437956,2.87448,0.690653
PHI,2009,Andy Reid,Donovan McNabb,11,9.5,9.61564,Over,-145,115,0.056953,0.559946,0.440054,3.17327,0.779175
MIA,2003,Dave Wannstedt,Jay Fiedler,10,9.5,9.61564,Over,-145,115,0.056953,0.559946,0.440054,3.30789,0.302611
DEN,2025,Sean Payton,Bo Nix,3,9.5,9.60869,Active,-140,115,0.0484496,0.556377,0.443623,2.90308,1.00926
DET,2023,Dan Campbell,Jared Goff,12,9.5,9.60134,Over,-135,115,0.0395844,0.552594,0.447406,-0.0682507,0.436929
NYJ,2023,Robert Saleh,Zach Wilson,7,9.5,9.60134,Under,-135,115,0.0395844,0.552594,0.447406,3.94729,1.60807
CIN,2022,Zac Taylor,Joe Burrow,12,9.5,9.60134,Over,-135,115,0.0395844,0.552594,0.447406,2.02054,0.966919
TB,2020,Bruce Arians,Tom Brady,11,9.5,9.5974,Over,-140,110,0.0595238,0.550562,0.449438,-0.273399,-0.21015
DAL,2020,Mike McCarthy,Andy Dalton,6,9.5,9.5889,Under,-115,125,-0.0206718,0.546174,0.453826,3.89306,0.605529
LAC,2023,Brandon Staley,Justin Herbert,5,9.5,9.58226,Under,-130,110,0.0414079,0.542744,0.457256,3.64049,1.43916
LAC,2018,Anthony Lynn,Philip Rivers,12,9.5,9.58226,Over,-130,110,0.0414079,0.542744,0.457256,0.945269,-0.646078
IND,2011,Jim Caldwell,Curtis Painter,2,9.5,9.57848,Under,-135,105,0.062273,0.540791,0.459209,2.72274,-0.616652
TEN,2003,Jeff Fisher,Steve McNair,12,9.5,9.57848,Over,-135,105,0.062273,0.540791,0.459209,1.1516,0.159766
GB,2024,Matt LaFleur,Jordan Love,11,9.5,9.57442,Over,-128,108,0.0421727,0.538686,0.461314,2.69913,1.12434
DET,2025,Dan Campbell,Jared Goff,4,9.5,9.56242,Active,-125,105,0.0433604,0.532468,0.467532,3.91255,2.05598
MIN,2009,Brad Childress,Brett Favre,12,9.5,9.56242,Over,-125,105,0.0433604,0.532468,0.467532,0.694213,-0.756839
TEN,2004,Jeff Fisher,Billy Volek,5,9.5,9.55884,Under,-130,100,0.0652174,0.530612,0.469388,3.43981,0.228237
LAR,2003,Mike Martz,Marc Bulger,12,9.5,9.55884,Over,-130,100,0.0652174,0.530612,0.469388,1.0763,-0.605112
HOU,2024,DeMeco Ryans,C.J. Stroud,10,9.5,9.5525,Over,-122,103,0.0421604,0.527318,0.472682,2.15018,1.41922
TB,2025,Todd Bowles,Baker Mayfield,4,9.5,9.54176,Active,-120,100,0.0454545,0.521739,0.478261,1.02036,-0.816596
ATL,2018,Dan Quinn,Matt Ryan,7,9.5,9.54176,Under,-120,100,0.0454545,0.521739,0.478261,3.90657,0.711902
PHI,2020,Doug Pederson,Carson Wentz,4,9.5,9.539,Under,-125,-105,0.0677507,0.520305,0.479695,3.90514,0.696664
NO,2012,Joe Vitt,Drew Brees,7,9.5,9.539,Under,-125,-105,0.0677507,0.520305,0.479695,4.068,0.939131
NYJ,2010,Rex Ryan,Mark Sanchez,11,9.5,9.539,Over,-125,-105,0.0677507,0.520305,0.479695,0.68872,-0.459927
NE,2010,Bill Belichick,Tom Brady,14,9.5,9.51943,Over,-120,-110,0.0692641,0.510121,0.489879,2.12099,-0.135251
DEN,2003,Mike Shanahan,Jake Plummer,10,9.5,9.51943,Over,-120,-110,0.0692641,0.510121,0.489879,2.2268,0.483499
WAS,2025,Dan Quinn,Jayden Daniels,3,9.5,9.5,Active,-110,-110,0.047619,0.5,0.5,2.896,1.18953
MIA,2023,Mike McDaniel,Tua Tagovailoa,11,9.5,9.5,Over,-110,-110,0.047619,0.5,0.5,3.31659,1.85639
PIT,2019,Mike Tomlin,Mason Rudolph,8,9.5,9.5,Under,-110,-110,0.047619,0.5,0.5,2.96123,-0.265065
ATL,2017,Dan Quinn,Matt Ryan,10,9.5,9.5,Over,-110,-110,0.047619,0.5,0.5,1.23797,0.0569331
ATL,2010,Mike Smith,Matt Ryan,13,9.5,9.5,Over,-115,-115,0.0697674,0.5,0.5,1.05308,-1.21306
DAL,2006,Bill Parcells,Tony Romo,9,9.5,9.5,Under,-110,-110,0.047619,0.5,0.5,2.59924,0.533161
ATL,2003,Dan Reeves,Doug Johnson,5,9.5,9.5,Under,-115,-115,0.0697674,0.5,0.5,2.999,0.217628
MIN,2010,Brad Childress,Brett Favre,6,9.5,9.48057,Under,-110,-120,0.0692641,0.489879,0.510121,3.60599,0.228781
LAC,2025,Jim Harbaugh,Justin Herbert,3,9.5,9.4792,Active,-105,-115,0.0470788,0.489166,0.510834,2.6166,0.978522
CIN,2025,Zac Taylor,Jake Browning,2,9.5,9.4792,Active,-105,-115,0.0470788,0.489166,0.510834,2.74893,1.04723
DEN,2007,Mike Shanahan,Jay Cutler,7,9.5,9.4792,Under,-105,-115,0.0470788,0.489166,0.510834,2.71561,-0.581751
CHI,2012,Lovie Smith,Jay Cutler,10,9.5,9.461,Over,-105,-125,0.0677507,0.479695,0.520305,2.50668,-0.546126
OAK,2017,Jack Del Rio,Derek Carr,6,9.5,9.45824,Under,100,-120,0.0454545,0.478261,0.521739,3.65924,0.400139
CIN,2016,Marvin Lewis,Andy Dalton,6,9.5,9.45824,Under,100,-120,0.0454545,0.478261,0.521739,2.65733,-0.363136
HOU,2025,DeMeco Ryans,C.J. Stroud,2,9.5,9.41774,Active,110,-130,0.0414079,0.457256,0.542744,2.34124,0.822205
CLE,2022,Kevin Stefanski,Jacoby Brissett,7,9.5,9.41774,Under,110,-130,0.0414079,0.457256,0.542744,2.66512,0.471475
TEN,2021,Mike Vrabel,Ryan Tannehill,12,9.5,9.41774,Over,110,-130,0.0414079,0.457256,0.542744,1.15699,0.311623
DAL,2021,Mike McCarthy,Dak Prescott,12,9.5,9.41774,Over,110,-130,0.0414079,0.457256,0.542744,1.48003,0.282151
DAL,2015,Jason Garrett,Matt Cassel,4,9.5,9.41774,Under,110,-130,0.0414079,0.457256,0.542744,4.1568,1.32562
IND,2014,Chuck Pagano,Andrew Luck,11,9.5,9.41774,Over,110,-130,0.0414079,0.457256,0.542744,-0.180653,-0.972926
KC,2006,Herm Edwards,Damon Huard,9,9.5,9.41774,Under,110,-130,0.0414079,0.457256,0.542744,3.02808,1.0942
PIT,2020,Mike Tomlin,Ben Roethlisberger,12,9.5,9.4026,Over,110,-140,0.0595238,0.449438,0.550562,1.64043,-0.198123
ATL,2005,Jim Mora,Michael Vick,8,9.5,9.4026,Under,110,-140,0.0595238,0.449438,0.550562,3.25779,0.372318
LAR,2004,Mike Martz,Marc Bulger,8,9.5,9.4026,Under,110,-140,0.0595238,0.449438,0.550562,0.687011,-0.499728
MIA,2004,Dave Wannstedt,A.J. Feeley,4,9.5,9.4026,Under,110,-140,0.0595238,0.449438,0.550562,2.9316,0.0157408
MIN,2025,Kevin O'Connell,Carson Wentz,3,9.5,9.39131,Active,115,-140,0.0484496,0.443623,0.556377,3.12496,1.58147
GB,2004,Mike Sherman,Brett Favre,10,9.5,9.38436,Over,115,-145,0.056953,0.440054,0.559946,1.88966,0.133929
SF,2003,Dennis Erickson,Jeff Garcia,7,9.5,9.38436,Under,115,-145,0.056953,0.440054,0.559946,2.06154,-0.564762
NO,2023,Dennis Allen,Derek Carr,9,9.5,9.38027,Under,120,-140,0.0378788,0.437956,0.562044,0.879692,-1.28019
TEN,2022,Mike Vrabel,Ryan Tannehill,7,9.5,9.38027,Under,120,-140,0.0378788,0.437956,0.562044,2.40189,0.227192
NO,2021,Sean Payton,Jameis Winston,9,9.5,9.38027,Under,120,-140,0.0378788,0.437956,0.562044,2.76991,0.698096
DAL,2017,Jason Garrett,Dak Prescott,9,9.5,9.38027,Under,120,-140,0.0378788,0.437956,0.562044,4.31482,1.29071
CLE,2023,Kevin Stefanski,Deshaun Watson,11,9.5,9.36254,Over,125,-145,0.0362812,0.428884,0.571116,1.50422,0.696383
DEN,2016,Gary Kubiak,Trevor Siemian,9,9.5,9.34542,Under,130,-150,0.0347826,0.420168,0.579832,3.49575,0.763879
NYG,2011,Tom Coughlin,Eli Manning,9,9.5,9.33327,Under,130,-160,0.0501672,0.414013,0.585987,0.55174,0.763459
MIA,2015,Joe Philbin,Ryan Tannehill,6,9,9.18716,Under,-160,140,0.0320513,0.596273,0.403727,3.60837,1.23589
CHI,2006,Lovie Smith,Rex Grossman,13,9,9.18716,Over,-160,140,0.0320513,0.596273,0.403727,-1.62233,-1.6937
PHI,2014,Chip Kelly,Mark Sanchez,10,9,9.15458,Over,-150,130,0.0347826,0.579832,0.420168,2.28305,-0.154194
NO,2013,Sean Payton,Drew Brees,11,9,9.13325,Over,-150,120,0.0545455,0.568965,0.431034,1.45706,0.887102
GB,2019,Matt LaFleur,Aaron Rodgers,13,9,9.11973,Over,-140,120,0.0378788,0.562044,0.437956,0.76457,0.220639
CHI,2019,Matt Nagy,Mitch Trubisky,8,9,9.11973,Under,-140,120,0.0378788,0.562044,0.437956,2.98674,0.528103
BAL,2015,John Harbaugh,Joe Flacco,5,9,9.11973,Under,-140,120,0.0378788,0.562044,0.437956,1.42015,-0.82618
BAL,2007,Brian Billick,Kyle Boller,5,9,9.11973,Under,-140,120,0.0378788,0.562044,0.437956,3.10008,0.521785
PHI,2007,Andy Reid,Donovan McNabb,8,9,9.11973,Under,-140,120,0.0378788,0.562044,0.437956,1.96818,-0.6096
WAS,2006,Joe Gibbs,Mark Brunell,5,9,9.11973,Under,-140,120,0.0378788,0.562044,0.437956,2.8384,0.538958
HOU,2011,Gary Kubiak,Matt Schaub,10,9,9.11564,Over,-145,115,0.056953,0.559946,0.440054,-0.210479,-0.63066
MIN,2022,Kevin O'Connell,Kirk Cousins,13,9,9.10134,Over,-135,115,0.0395844,0.552594,0.447406,0.633296,0.119446
MIA,2021,Brian Flores,Tua Tagovailoa,9,9,9.10134,Push,-135,115,0.0395844,0.552594,0.447406,1.75689,0.233366
MIA,2006,Nick Saban,Joey Harrington,6,9,9.10134,Under,-135,115,0.0395844,0.552594,0.447406,1.00353,-1.25148
BUF,2020,Sean McDermott,Josh Allen,13,9,9.0974,Over,-140,110,0.0595238,0.550562,0.449438,0.840998,0.925772
SEA,2020,Pete Carroll,Russell Wilson,12,9,9.0974,Over,-140,110,0.0595238,0.550562,0.449438,2.4493,1.20898
NYG,2012,Tom Coughlin,Eli Manning,9,9,9.0974,Push,-140,110,0.0595238,0.550562,0.449438,3.58,1.22707
JAX,2018,Doug Marrone,Blake Bortles,5,9,9.08226,Under,-130,110,0.0414079,0.542744,0.457256,1.73606,-0.578578
NYG,2017,Ben McAdoo,Eli Manning,3,9,9.08226,Under,-130,110,0.0414079,0.542744,0.457256,3.53671,1.06756
PIT,2008,Mike Tomlin,Ben Roethlisberger,12,9,9.08226,Over,-130,110,0.0414079,0.542744,0.457256,0.842345,1.37093
CIN,2007,Marvin Lewis,Carson Palmer,7,9,9.08226,Under,-130,110,0.0414079,0.542744,0.457256,2.55239,0.0520132
ATL,2012,Mike Smith,Matt Ryan,13,9,9.07848,Over,-135,105,0.062273,0.540791,0.459209,1.04894,0.9814
MIN,2005,Mike Tice,Brad Johnson,9,9,9.07848,Push,-135,105,0.062273,0.540791,0.459209,1.79991,-0.518225
NE,2021,Bill Belichick,Mac Jones,10,9,9.06242,Over,-125,105,0.0433604,0.532468,0.467532,1.21148,0.470714
MIN,2019,Mike Zimmer,Kirk Cousins,10,9,9.06242,Over,-125,105,0.0433604,0.532468,0.467532,1.09274,0.401844
DAL,2007,Wade Phillips,Tony Romo,13,9,9.06242,Over,-125,105,0.0433604,0.532468,0.467532,0.717419,-0.537522
GB,2009,Mike McCarthy,Aaron Rodgers,11,9,9.05884,Over,-130,100,0.0652174,0.530612,0.469388,0.294251,-1.11583
CAR,2005,John Fox,Jake Delhomme,11,9,9.05884,Over,-130,100,0.0652174,0.530612,0.469388,-0.241233,0.378989
TB,2004,Jon Gruden,Brian Griese,5,9,9.05884,Under,-130,100,0.0652174,0.530612,0.469388,1.80983,-0.479835
KC,2003,Dick Vermeil,Trent Green,13,9,9.05884,Over,-130,100,0.0652174,0.530612,0.469388,1.32586,0.478186
CAR,2017,Ron Rivera,Cam Newton,11,9,9.04176,Over,-120,100,0.0454545,0.521739,0.478261,0.656968,-0.7581
KC,2017,Andy Reid,Alex Smith,10,9,9.04176,Over,-120,100,0.0454545,0.521739,0.478261,2.16352,0.797535
IND,2020,Frank Reich,Philip Rivers,11,9,9.039,Over,-125,-105,0.0677507,0.520305,0.479695,0.463975,-0.949892
GB,2020,Matt LaFleur,Aaron Rodgers,13,9,9.039,Over,-125,-105,0.0677507,0.520305,0.479695,0.14418,-0.17952
DAL,2009,Wade Phillips,Tony Romo,11,9,9.039,Over,-125,-105,0.0677507,0.520305,0.479695,1.51545,1.00049
NYJ,2005,Herm Edwards,Brooks Bollinger,4,9,9.039,Under,-125,-105,0.0677507,0.520305,0.479695,3.34351,1.08235
PIT,2023,Mike Tomlin,Kenny Pickett,10,9,9.0208,Over,-115,-105,0.0470788,0.510834,0.489166,1.12698,0.400734
NO,2009,Sean Payton,Drew Brees,13,9,9.01943,Over,-120,-110,0.0692641,0.510121,0.489879,0.137557,0.610844
DAL,2019,Jason Garrett,Dak Prescott,8,9,9,Under,-110,-110,0.047619,0.5,0.5,2.20368,-0.119926
TEN,2017,Mike Mularkey,Marcus Mariota,9,9,9,Push,-110,-110,0.047619,0.5,0.5,0.498123,-0.458498
CIN,2014,Marvin Lewis,Andy Dalton,10,9,9,Over,-110,-110,0.047619,0.5,0.5,0.830041,-0.435082
PIT,2013,Mike Tomlin,Ben Roethlisberger,8,9,9,Under,-115,-115,0.0697674,0.5,0.5,2.16869,0.0702596
SF,2010,Mike Singletary,Alex Smith,6,9,9,Under,-115,-115,0.0697674,0.5,0.5,0.759966,-1.67985
NO,2007,Sean Payton,Drew Brees,7,9,9,Under,-110,-110,0.047619,0.5,0.5,2.77741,0.439543
KC,2005,Dick Vermeil,Trent Green,10,9,9,Over,-115,-115,0.0697674,0.5,0.5,3.03958,0.887524
DEN,2004,Mike Shanahan,Jake Plummer,10,9,9,Over,-115,-115,0.0697674,0.5,0.5,1.84142,0.382486
DAL,2004,Bill Parcells,Vinny Testaverde,6,9,9,Under,-115,-115,0.0697674,0.5,0.5,2.22475,0.0709676
NYJ,2003,Herm Edwards,Chad Pennington,6,9,9,Under,-115,-115,0.0697674,0.5,0.5,2.63686,0.777734
NYG,2010,Tom Coughlin,Eli Manning,10,9,8.98057,Over,-110,-120,0.0692641,0.489879,0.510121,3.85679,1.41704
ATL,2004,Jim Mora,Michael Vick,11,9,8.98057,Over,-110,-120,0.0692641,0.489879,0.510121,-0.0416054,-0.544047
SEA,2023,Pete Carroll,Geno Smith,9,9,8.9792,Push,-105,-115,0.0470788,0.489166,0.510834,1.54539,-0.0137707
CIN,2006,Marvin Lewis,Carson Palmer,8,9,8.9792,Under,-105,-115,0.0470788,0.489166,0.510834,4.12703,2.10156
MIN,2020,Mike Zimmer,Kirk Cousins,7,9,8.961,Under,-105,-125,0.0677507,0.479695,0.520305,1.53699,-0.572967
TEN,2009,Jeff Fisher,Vince Young,8,9,8.961,Under,-105,-125,0.0677507,0.479695,0.520305,2.58781,0.466151
SEA,2019,Pete Carroll,Russell Wilson,11,9,8.95824,Over,100,-120,0.0454545,0.478261,0.521739,1.16518,0.606275
CLE,2019,Freddie Kitchens,Baker Mayfield,6,9,8.95824,Under,100,-120,0.0454545,0.478261,0.521739,1.74635,-0.445046
JAX,2007,Jack Del Rio,David Garrard,11,9,8.95824,Over,100,-120,0.0454545,0.478261,0.521739,1.1862,0.321353
NE,2020,Bill Belichick,Cam Newton,7,9,8.94116,Under,100,-130,0.0652174,0.469388,0.530612,2.81231,0.805343
SEA,2005,Mike Holmgren,Matt Hasselbeck,13,9,8.94116,Over,100,-130,0.0652174,0.469388,0.530612,-1.35508,-0.732626
WAS,2004,Joe Gibbs,Mark Brunell,6,9,8.94116,Under,100,-130,0.0652174,0.469388,0.530612,1.93022,-0.0969669
BAL,2004,Brian Billick,Kyle Boller,9,9,8.94116,Push,100,-130,0.0652174,0.469388,0.530612,2.73358,0.693479
SEA,2004,Mike Holmgren,Matt Hasselbeck,9,9,8.94116,Push,100,-130,0.0652174,0.469388,0.530612,0.546902,-0.562957
LAC,2021,Brandon Staley,Justin Herbert,9,9,8.93758,Push,105,-125,0.0433604,0.467532,0.532468,1.70994,0.522485
PIT,2021,Mike Tomlin,Ben Roethlisberger,9,9,8.93758,Push,105,-125,0.0433604,0.467532,0.532468,2.02762,1.4405
DET,2012,Jim Schwartz,Matthew Stafford,4,9,8.92152,Under,105,-135,0.062273,0.459209,0.540791,1.73756,-0.301838
JAX,2006,Jack Del Rio,David Garrard,8,9,8.91774,Under,110,-130,0.0414079,0.457256,0.542744,1.84471,-0.127673
DAL,2011,Jason Garrett,Tony Romo,8,9,8.9026,Under,110,-140,0.0595238,0.449438,0.550562,2.18892,0.143017
PIT,2007,Mike Tomlin,Ben Roethlisberger,10,9,8.89866,Over,115,-135,0.0395844,0.447406,0.552594,1.65242,0.505182
NYG,2006,Tom Coughlin,Eli Manning,8,9,8.89866,Under,115,-135,0.0395844,0.447406,0.552594,1.7868,0.873757
ARI,2022,Kliff Kingsbury,Kyler Murray,4,9,8.88027,Under,120,-140,0.0378788,0.437956,0.562044,2.41236,1.12281
IND,2016,Chuck Pagano,Andrew Luck,8,9,8.88027,Under,120,-140,0.0378788,0.437956,0.562044,2.08313,0.184686
SEA,2007,Mike Holmgren,Matt Hasselbeck,10,9,8.88027,Over,120,-140,0.0378788,0.437956,0.562044,0.551356,0.586526
CAR,2007,John Fox,Vinny Testaverde,7,9,8.88027,Under,120,-140,0.0378788,0.437956,0.562044,2.17737,0.0712954
NYJ,2004,Herm Edwards,Chad Pennington,10,9,8.86675,Over,120,-150,0.0545455,0.431034,0.568965,-0.529639,-0.379023
LAC,2006,Marty Schottenheimer,Philip Rivers,14,9,8.84542,Over,130,-150,0.0347826,0.420168,0.579832,1.46716,0.640901
NYG,2013,Tom Coughlin,Eli Manning,7,9,8.82764,Under,130,-165,0.0574241,0.411171,0.588829,2.20362,0.412169
LAC,2012,Norv Turner,Philip Rivers,7,9,8.82764,Under,130,-165,0.0574241,0.411171,0.588829,2.06217,0.292548
CHI,2024,Matt Eberflus,Caleb Williams,5,8.5,8.73718,Under,-184,153,0.0431442,0.621091,0.378909,1.42014,0.268114
CLE,2024,Kevin Stefanski,Jameis Winston,3,8.5,8.72194,Under,-178,148,0.0435136,0.613588,0.386412,1.80512,0.672984
PHI,2008,Andy Reid,Donovan McNabb,9,8.5,8.71773,Over,-170,150,0.0296296,0.611511,0.388489,-0.953214,-0.350447
ARI,2017,Bruce Arians,Carson Palmer,8,8.5,8.68716,Under,-160,140,0.0320513,0.596273,0.403727,1.78824,0.0134254
CIN,2013,Marvin Lewis,Andy Dalton,11,8.5,8.68394,Over,-170,133,0.0588142,0.594655,0.405345,0.82258,0.532228
DEN,2012,John Fox,Peyton Manning,13,8.5,8.68394,Over,-170,133,0.0588142,0.594655,0.405345,1.35483,0.820928
LAR,2024,Sean McVay,Matthew Stafford,10,8.5,8.67179,Over,-159,133,0.0430842,0.588543,0.411457,0.326764,1.12551
NO,2008,Sean Payton,Drew Brees,8,8.5,8.67114,Under,-155,135,0.0333751,0.588212,0.411788,0.413157,-1.55034
CHI,2009,Lovie Smith,Jay Cutler,7,8.5,8.66673,Under,-160,130,0.0501672,0.585987,0.414013,0.777097,-0.862552
NE,2003,Bill Belichick,Tom Brady,14,8.5,8.66673,Over,-160,130,0.0501672,0.585987,0.414013,-0.73361,0.966813
DAL,2012,Jason Garrett,Tony Romo,8,8.5,8.65618,Under,-160,125,0.0598291,0.580645,0.419355,2.58352,1.05162
KC,2015,Andy Reid,Alex Smith,11,8.5,8.65458,Over,-150,130,0.0347826,0.579832,0.420168,-0.321115,-0.406056
CHI,2014,Marc Trestman,Jay Cutler,5,8.5,8.65458,Under,-150,130,0.0347826,0.579832,0.420168,2.23628,0.748145
SEA,2008,Mike Holmgren,Seneca Wallace,4,8.5,8.65458,Under,-150,130,0.0347826,0.579832,0.420168,1.30988,-0.563205
CHI,2013,Marc Trestman,Jay Cutler,8,8.5,8.63325,Under,-150,120,0.0545455,0.568965,0.431034,2.82387,1.44959
BAL,2009,John Harbaugh,Joe Flacco,9,8.5,8.63325,Over,-150,120,0.0545455,0.568965,0.431034,-0.0640867,-0.32928
MIN,2023,Kevin O'Connell,Kirk Cousins,7,8.5,8.61973,Under,-140,120,0.0378788,0.562044,0.437956,1.52444,0.664835
ATL,2019,Dan Quinn,Matt Ryan,7,8.5,8.61973,Under,-140,120,0.0378788,0.562044,0.437956,2.14103,0.608682
HOU,2018,Bill O'Brien,Deshaun Watson,11,8.5,8.61973,Over,-140,120,0.0378788,0.562044,0.437956,-0.455463,-0.821958
PIT,2014,Mike Tomlin,Ben Roethlisberger,11,8.5,8.61973,Over,-140,120,0.0378788,0.562044,0.437956,-0.4294,-0.81438
NYG,2008,Tom Coughlin,Eli Manning,12,8.5,8.61973,Over,-140,120,0.0378788,0.562044,0.437956,0.575764,-0.245859
NYG,2003,Jim Fassel,Kerry Collins,4,8.5,8.61564,Under,-145,115,0.056953,0.559946,0.440054,2.2698,1.1124
LAC,2024,Jim Harbaugh,Justin Herbert,11,8.5,8.61098,Over,-137,118,0.0367747,0.557555,0.442445,-0.576118,-0.825081
ARI,2025,Jonathan Gannon,Kyler Murray,2,8.5,8.60869,Active,-140,115,0.0484496,0.556377,0.443623,-0.0156206,-0.220199
MIA,2022,Mike McDaniel,Tua Tagovailoa,9,8.5,8.60134,Over,-135,115,0.0395844,0.552594,0.447406,0.936599,0.752647
PHI,2006,Andy Reid,Donovan McNabb,10,8.5,8.60134,Over,-135,115,0.0395844,0.552594,0.447406,0.00795894,0.433832
DEN,2005,Mike Shanahan,Jake Plummer,13,8.5,8.5974,Over,-140,110,0.0595238,0.550562,0.449438,1.12011,1.44963
MIN,2004,Mike Tice,Daunte Culpepper,8,8.5,8.5974,Under,-140,110,0.0595238,0.550562,0.449438,0.208068,0.235703
ATL,2023,Arthur Smith,Desmond Ridder,7,8.5,8.58226,Under,-130,110,0.0414079,0.542744,0.457256,-0.400901,-1.19646
NE,2022,Bill Belichick,Mac Jones,8,8.5,8.58226,Under,-130,110,0.0414079,0.542744,0.457256,1.87286,1.15568
OAK,2022,Josh McDaniels,Derek Carr,6,8.5,8.58226,Under,-130,110,0.0414079,0.542744,0.457256,2.07111,1.30169
MIN,2017,Mike Zimmer,Case Keenum,13,8.5,8.58226,Over,-130,110,0.0414079,0.542744,0.457256,-0.31823,0.0185638
NO,2015,Sean Payton,Drew Brees,7,8.5,8.58226,Under,-130,110,0.0414079,0.542744,0.457256,1.29699,0.0107214
CLE,2020,Kevin Stefanski,Baker Mayfield,11,8.5,8.57848,Over,-135,105,0.062273,0.540791,0.459209,-0.051383,-0.0724837
PIT,2025,Mike Tomlin,Aaron Rodgers,3,8.5,8.56242,Active,-125,105,0.0433604,0.532468,0.467532,1.27518,1.18564
BUF,2003,Gregg Williams,Drew Bledsoe,6,8.5,8.55884,Under,-130,100,0.0652174,0.530612,0.469388,1.43276,0.334489
BAL,2018,John Harbaugh,Joe Flacco,10,8.5,8.54176,Over,-120,100,0.0454545,0.521739,0.478261,0.510165,0.12008
PHI,2017,Doug Pederson,Carson Wentz,13,8.5,8.54176,Over,-120,100,0.0454545,0.521739,0.478261,0.176175,1.20816
TB,2017,Dirk Koetter,Jameis Winston,5,8.5,8.54176,Under,-120,100,0.0454545,0.521739,0.478261,1.3326,-0.225814
HOU,2016,Bill O'Brien,Brock Osweiler,9,8.5,8.54176,Over,-120,100,0.0454545,0.521739,0.478261,0.233241,0.566808
BAL,2014,John Harbaugh,Joe Flacco,10,8.5,8.54176,Over,-120,100,0.0454545,0.521739,0.478261,-0.793264,-0.686664
TEN,2020,Mike Vrabel,Ryan Tannehill,11,8.5,8.539,Over,-125,-105,0.0677507,0.520305,0.479695,-0.130695,-0.789721
MIA,2010,Tony Sparano,Chad Henne,7,8.5,8.539,Under,-125,-105,0.0677507,0.520305,0.479695,0.941215,-0.650143
DEN,2023,Sean Payton,Russell Wilson,8,8.5,8.5208,Under,-115,-105,0.0470788,0.510834,0.489166,1.57846,1.2098
MIN,2021,Mike Zimmer,Kirk Cousins,8,8.5,8.5208,Under,-115,-105,0.0470788,0.510834,0.489166,1.56906,0.944287
HOU,2019,Bill O'Brien,Deshaun Watson,10,8.5,8.5208,Over,-115,-105,0.0470788,0.510834,0.489166,0.0904714,0.568271
NE,2025,Mike Vrabel,Drake Maye,3,8.5,8.5,Active,-110,-110,0.047619,0.5,0.5,-1.07438,-0.944036
OAK,2016,Jack Del Rio,Derek Carr,12,8.5,8.5,Over,-110,-110,0.047619,0.5,0.5,1.17817,0.846784
BAL,2016,John Harbaugh,Joe Flacco,8,8.5,8.5,Under,-110,-110,0.047619,0.5,0.5,0.939959,-0.312025
ATL,2015,Dan Quinn,Matt Ryan,8,8.5,8.5,Under,-110,-110,0.047619,0.5,0.5,0.96167,-0.159564
PIT,2015,Mike Tomlin,Ben Roethlisberger,10,8.5,8.5,Over,-110,-110,0.047619,0.5,0.5,-0.449446,-0.0419535
DAL,2013,Jason Garrett,Tony Romo,8,8.5,8.5,Under,-115,-115,0.0697674,0.5,0.5,1.63609,0.436313
HOU,2010,Gary Kubiak,Matt Schaub,6,8.5,8.5,Under,-115,-115,0.0697674,0.5,0.5,3.25194,1.76108
JAX,2005,Jack Del Rio,Byron Leftwich,12,8.5,8.5,Over,-115,-115,0.0697674,0.5,0.5,0.379604,-0.320873
IND,2003,Tony Dungy,Peyton Manning,12,8.5,8.5,Over,-115,-115,0.0697674,0.5,0.5,-1.08863,0.207565
JAX,2024,Doug Pederson,Trevor Lawrence,4,8.5,8.48735,Under,-106,-112,0.042865,0.493413,0.506587,1.59772,0.861292
IND,2013,Chuck Pagano,Andrew Luck,11,8.5,8.48057,Over,-110,-120,0.0692641,0.489879,0.510121,-1.66,-1.22755
BAL,2013,John Harbaugh,Joe Flacco,8,8.5,8.48057,Under,-110,-120,0.0692641,0.489879,0.510121,2.13431,0.99327
PIT,2010,Mike Tomlin,Ben Roethlisberger,12,8.5,8.48057,Over,-110,-120,0.0692641,0.489879,0.510121,-1.48864,-0.576481
ARI,2009,Ken Whisenhunt,Kurt Warner,10,8.5,8.48057,Over,-110,-120,0.0692641,0.489879,0.510121,-0.791005,-0.371386
LAR,2020,Sean McVay,Jared Goff,10,8.5,8.461,Over,-105,-125,0.0677507,0.479695,0.520305,0.809283,1.28661
SEA,2025,Mike Macdonald,Sam Darnold,3,8.5,8.45824,Active,100,-120,0.0454545,0.478261,0.521739,-0.221246,-0.180082
HOU,2017,Bill O'Brien,Tom Savage,4,8.5,8.45824,Under,100,-120,0.0454545,0.478261,0.521739,1.08574,-0.270517
NYG,2016,Ben McAdoo,Eli Manning,11,8.5,8.45824,Over,100,-120,0.0454545,0.478261,0.521739,-0.237648,-0.656285
HOU,2015,Bill O'Brien,Brian Hoyer,9,8.5,8.45824,Over,100,-120,0.0454545,0.478261,0.521739,0.232966,0.199911
CIN,2015,Marvin Lewis,Andy Dalton,12,8.5,8.45824,Over,100,-120,0.0454545,0.478261,0.521739,-0.391436,-0.456218
MIN,2008,Brad Childress,Gus Frerotte,10,8.5,8.45824,Over,100,-120,0.0454545,0.478261,0.521739,0.80367,0.261436
CAR,2004,John Fox,Jake Delhomme,7,8.5,8.44116,Under,100,-130,0.0652174,0.469388,0.530612,1.03989,-0.14986
CLE,2003,Butch Davis,Kelly Holcomb,5,8.5,8.44116,Under,100,-130,0.0652174,0.469388,0.530612,0.758899,-0.13033
ATL,2009,Mike Smith,Matt Ryan,9,8.5,8.43337,Over,100,-135,0.0744681,0.465347,0.534653,2.11041,0.965396
BAL,2019,John Harbaugh,Lamar Jackson,14,8.5,8.41774,Over,110,-130,0.0414079,0.457256,0.542744,0.161003,0.0175022
CAR,2018,Ron Rivera,Cam Newton,7,8.5,8.41774,Under,110,-130,0.0414079,0.457256,0.542744,1.89345,0.789162
DAL,2016,Jason Garrett,Dak Prescott,13,8.5,8.41774,Over,110,-130,0.0414079,0.457256,0.542744,-0.589895,-0.79754
DET,2014,Jim Caldwell,Matthew Stafford,11,8.5,8.41774,Over,110,-130,0.0414079,0.457256,0.542744,0.80559,0.684138
PHI,2010,Andy Reid,Michael Vick,10,8.5,8.4026,Over,110,-140,0.0595238,0.449438,0.550562,2.30309,2.1064
CAR,2009,John Fox,Jake Delhomme,8,8.5,8.4026,Under,110,-140,0.0595238,0.449438,0.550562,2.10143,1.01043
HOU,2009,Gary Kubiak,Matt Schaub,9,8.5,8.4026,Over,110,-140,0.0595238,0.449438,0.550562,0.980983,-0.131668
KC,2018,Andy Reid,Patrick Mahomes,12,8.5,8.39866,Over,115,-135,0.0395844,0.447406,0.552594,-0.712981,0.106322
MIN,2016,Mike Zimmer,Sam Bradford,8,8.5,8.39866,Under,115,-135,0.0395844,0.447406,0.552594,1.03845,0.0374916
DAL,2018,Jason Garrett,Dak Prescott,10,8.5,8.38027,Over,120,-140,0.0378788,0.437956,0.562044,-0.135003,0.553415
CIN,2017,Marvin Lewis,Andy Dalton,7,8.5,8.38027,Under,120,-140,0.0378788,0.437956,0.562044,0.734054,-0.462953
ARI,2015,Bruce Arians,Carson Palmer,13,8.5,8.38027,Over,120,-140,0.0378788,0.437956,0.562044,-0.553773,0.162646
IND,2024,Shane Steichen,Joe Flacco,8,8.5,8.37825,Under,119,-143,0.0450984,0.436917,0.563083,1.04236,0.488408
WAS,2009,Jim Zorn,Jason Campbell,4,8.5,8.36675,Under,120,-150,0.0545455,0.431034,0.568965,1.48525,0.389019
LAC,2003,Marty Schottenheimer,Drew Brees,4,8.5,8.36675,Under,120,-150,0.0545455,0.431034,0.568965,1.50872,0.786239
SF,2018,Kyle Shanahan,Nick Mullens,4,8.5,8.34542,Under,130,-150,0.0347826,0.420168,0.579832,0.966288,0.00456395
BAL,2017,John Harbaugh,Joe Flacco,9,8.5,8.34542,Over,130,-150,0.0347826,0.420168,0.579832,0.932142,-0.196657
DET,2015,Jim Caldwell,Matthew Stafford,7,8.5,8.34542,Under,130,-150,0.0347826,0.420168,0.579832,0.910179,0.0386046
BUF,2015,Rex Ryan,Tyrod Taylor,8,8.5,8.34542,Under,130,-150,0.0347826,0.420168,0.579832,2.13437,1.28756
NYJ,2012,Rex Ryan,Mark Sanchez,6,8.5,8.34382,Under,125,-160,0.0598291,0.419355,0.580645,0.44964,-0.469065
CHI,2020,Matt Nagy,Mitch Trubisky,8,8.5,8.33327,Under,130,-160,0.0501672,0.414013,0.585987,-0.464028,-0.754557
CHI,2011,Lovie Smith,Jay Cutler,8,8.5,8.33327,Under,130,-160,0.0501672,0.414013,0.585987,2.07888,1.03437
GB,2008,Mike McCarthy,Aaron Rodgers,6,8.5,8.31284,Under,140,-160,0.0320513,0.403727,0.596273,2.00049,0.692428
CAR,2015,Ron Rivera,Cam Newton,15,8.5,8.28227,Over,150,-170,0.0296296,0.388489,0.611511,-0.999377,0.644814
ATL,2014,Mike Smith,Matt Ryan,6,8.5,8.28227,Under,150,-170,0.0296296,0.388489,0.611511,1.27305,0.470343
TB,2024,Todd Bowles,Baker Mayfield,10,8.5,8.25356,Over,156,-188,0.0434028,0.374376,0.625624,-1.08887,-0.322039
NO,2022,Dennis Allen,Andy Dalton,7,8,8.18716,Under,-160,140,0.0320513,0.596273,0.403727,0.732023,0.650553
LAC,2015,Mike McCoy,Philip Rivers,4,8,8.18716,Under,-160,140,0.0320513,0.596273,0.403727,-0.0114468,-0.588278
MIN,2015,Mike Zimmer,Teddy Bridgewater,11,8,8.15458,Over,-150,130,0.0347826,0.579832,0.420168,-0.32354,-0.0758344
CLE,2008,Romeo Crennel,Derek Anderson,4,8,8.15458,Under,-150,130,0.0347826,0.579832,0.420168,1.54757,0.540793
DET,2013,Jim Schwartz,Matthew Stafford,7,8,8.13325,Under,-150,120,0.0545455,0.568965,0.431034,1.79415,1.30502
BUF,2012,Chan Gailey,Ryan Fitzpatrick,6,8,8.13325,Under,-150,120,0.0545455,0.568965,0.431034,-0.444836,-0.976144
LAR,2005,Joe Vitt,Marc Bulger,6,8,8.13325,Under,-150,120,0.0545455,0.568965,0.431034,-0.379462,-0.980076
ARI,2021,Kliff Kingsbury,Kyler Murray,11,8,8.11973,Over,-140,120,0.0378788,0.562044,0.437956,0.0179264,0.77264
SF,2019,Kyle Shanahan,Jimmy Garoppolo,13,8,8.11973,Over,-140,120,0.0378788,0.562044,0.437956,-1.17415,0.484872
DET,2011,Jim Schwartz,Matthew Stafford,10,8,8.11564,Over,-145,115,0.056953,0.559946,0.440054,0.917721,1.05405
LAC,2014,Mike McCoy,Philip Rivers,9,8,8.10134,Over,-135,115,0.0395844,0.552594,0.447406,0.805241,0.303737
ATL,2006,Jim Mora,Michael Vick,7,8,8.10134,Under,-135,115,0.0395844,0.552594,0.447406,2.08432,1.64237
CIN,2010,Marvin Lewis,Carson Palmer,4,8,8.0974,Under,-140,110,0.0595238,0.550562,0.449438,0.59957,-0.175144
DAL,2005,Bill Parcells,Drew Bledsoe,9,8,8.0974,Over,-140,110,0.0595238,0.550562,0.449438,0.428201,-0.0853166
CAR,2019,Ron Rivera,Kyle Allen,5,8,8.08226,Under,-130,110,0.0414079,0.542744,0.457256,0.924746,0.346898
BAL,2006,Brian Billick,Steve McNair,13,8,8.08226,Over,-130,110,0.0414079,0.542744,0.457256,1.35317,1.80466
JAX,2009,Jack Del Rio,David Garrard,7,8,8.07848,Under,-135,105,0.062273,0.540791,0.459209,0.500697,-0.015081
BUF,2005,Mike Mularkey,J.P. Losman,5,8,8.07848,Under,-135,105,0.062273,0.540791,0.459209,1.49332,0.99145
TEN,2010,Jeff Fisher,Vince Young,6,8,8.05884,Under,-130,100,0.0652174,0.530612,0.469388,2.40326,1.71019
LAC,2005,Marty Schottenheimer,Drew Brees,9,8,8.05884,Over,-130,100,0.0652174,0.530612,0.469388,1.89431,1.42883
DET,2005,Steve Mariucci,Joey Harrington,5,8,8.05884,Under,-130,100,0.0652174,0.530612,0.469388,0.240212,-0.229584
MIN,2003,Mike Tice,Daunte Culpepper,9,8,8.05884,Over,-130,100,0.0652174,0.530612,0.469388,0.441582,0.271545
NO,2003,Jim Haslett,Aaron Brooks,8,8,8.05884,Push,-130,100,0.0652174,0.530612,0.469388,0.44859,0.281931
MIN,2006,Brad Childress,Brad Johnson,6,8,8.04176,Under,-120,100,0.0454545,0.521739,0.478261,-1.17284,-1.48778
WAS,2013,Mike Shanahan,Robert Griffin,3,8,8.039,Under,-125,-105,0.0677507,0.520305,0.479695,1.26015,0.906708
JAX,2019,Doug Marrone,Gardner Minshew,6,8,8,Under,-110,-110,0.047619,0.5,0.5,0.35805,-0.0504439
TEN,2018,Mike Vrabel,Marcus Mariota,9,8,8,Over,-110,-110,0.047619,0.5,0.5,-0.141845,-0.51041
TEN,2008,Jeff Fisher,Kerry Collins,13,8,8,Over,-110,-110,0.047619,0.5,0.5,0.713034,1.23826
NYG,2007,Tom Coughlin,Eli Manning,10,8,8,Over,-110,-110,0.047619,0.5,0.5,-2.42451,-0.287486
CIN,2005,Marvin Lewis,Carson Palmer,11,8,8,Over,-115,-115,0.0697674,0.5,0.5,-0.323288,0.229697
WAS,2021,Ron Rivera,Taylor Heinicke,7,8,7.9792,Under,-105,-115,0.0470788,0.489166,0.510834,0.567318,0.856392
NO,2017,Sean Payton,Drew Brees,11,8,7.95824,Over,100,-120,0.0454545,0.478261,0.521739,-1.54769,-0.398594
DEN,2017,Vance Joseph,Trevor Siemian,5,8,7.95824,Under,100,-120,0.0454545,0.478261,0.521739,1.1501,0.64378
TB,2006,Jon Gruden,Bruce Gradkowski,4,8,7.95824,Under,100,-120,0.0454545,0.478261,0.521739,2.06332,1.88404
CIN,2012,Marvin Lewis,Andy Dalton,10,8,7.92152,Over,105,-135,0.062273,0.459209,0.540791,-0.138966,0.403498
CHI,2010,Lovie Smith,Jay Cutler,11,8,7.92152,Over,105,-135,0.062273,0.459209,0.540791,-1.28768,0.349829
CHI,2008,Lovie Smith,Kyle Orton,9,8,7.91774,Over,110,-130,0.0414079,0.457256,0.542744,0.809191,0.235571
TB,2008,Jon Gruden,Jeff Garcia,9,8,7.91774,Over,110,-130,0.0414079,0.457256,0.542744,-0.269443,-0.877489
ARI,2006,Dennis Green,Matt Leinart,5,8,7.91774,Under,110,-130,0.0414079,0.457256,0.542744,-0.525346,-0.654435
GB,2005,Mike Sherman,Brett Favre,4,8,7.9026,Under,110,-140,0.0595238,0.449438,0.550562,0.355704,0.186687
OAK,2021,Rich Bisaccia,Derek Carr,10,8,7.89866,Over,115,-135,0.0395844,0.447406,0.552594,-0.368747,1.18957
TEN,2019,Mike Vrabel,Ryan Tannehill,9,8,7.88027,Over,120,-140,0.0378788,0.437956,0.562044,-1.2691,0.398289
MIA,2013,Joe Philbin,Ryan Tannehill,8,8,7.86675,Push,120,-150,0.0545455,0.431034,0.568965,0.0775779,0.0485587
TB,2011,Raheem Morris,Josh Freeman,4,8,7.86675,Under,120,-150,0.0545455,0.431034,0.568965,0.446884,0.28597
IND,2017,Chuck Pagano,Jacoby Brissett,4,8,7.84542,Under,130,-150,0.0347826,0.420168,0.579832,-0.423806,-0.634315
BUF,2016,Rex Ryan,Tyrod Taylor,7,8,7.84542,Under,130,-150,0.0347826,0.420168,0.579832,0.328494,0.251774
NYG,2014,Tom Coughlin,Eli Manning,6,8,7.84542,Under,130,-150,0.0347826,0.420168,0.579832,0.0918298,0.0789781
KC,2012,Romeo Crennel,Brady Quinn,2,8,7.84382,Under,125,-160,0.0598291,0.419355,0.580645,0.243449,0.222762
CAR,2014,Ron Rivera,Cam Newton,7,8,7.79732,Under,145,-165,0.0308048,0.395966,0.604034,-0.541869,1.03063
NYJ,2016,Todd Bowles,Ryan Fitzpatrick,5,8,7.78227,Under,150,-170,0.0296296,0.388489,0.611511,0.40474,0.482593
NYG,2015,Tom Coughlin,Eli Manning,6,8,7.78227,Under,150,-170,0.0296296,0.388489,0.611511,1.00372,1.1605
MIA,2014,Joe Philbin,Ryan Tannehill,8,8,7.78227,Push,150,-170,0.0296296,0.388489,0.611511,-0.204779,-0.0782901
NYJ,2007,Eric Mangini,Chad Pennington,4,8,7.78227,Under,150,-170,0.0296296,0.388489,0.611511,0.182853,0.0390942
KC,2014,Andy Reid,Alex Smith,9,8,7.75346,Over,160,-180,0.0274725,0.374332,0.625668,0.411057,0.576451
ARI,2014,Bruce Arians,Drew Stanton,11,7.5,7.73234,Over,-175,155,0.0285205,0.618717,0.381283,0.30565,1.38007
HOU,2014,Bill O'Brien,Ryan Fitzpatrick,9,7.5,7.73234,Over,-175,155,0.0285205,0.618717,0.381283,-1.81752,-1.64723
PIT,2024,Mike Tomlin,Russell Wilson,10,7.5,7.7276,Over,-184,148,0.0511131,0.616382,0.383618,-0.135189,1.01976
SEA,2009,Jim Mora,Matt Hasselbeck,5,7.5,7.71314,Under,-175,145,0.0445269,0.609236,0.390764,-0.868177,-0.770723
SEA,2003,Mike Holmgren,Matt Hasselbeck,10,7.5,7.70812,Over,-180,140,0.0595238,0.606742,0.393258,-1.61412,-0.540141
LAC,2017,Anthony Lynn,Philip Rivers,9,7.5,7.68716,Over,-160,140,0.0320513,0.596273,0.403727,0.0750581,0.117554
SEA,2024,Mike Macdonald,Geno Smith,10,7.5,7.68565,Over,-164,137,0.0431531,0.595514,0.404486,0.301803,0.982211
BAL,2003,Brian Billick,Kyle Boller,10,7.5,7.66673,Over,-160,130,0.0501672,0.585987,0.414013,-1.06723,0.310915
BUF,2008,Dick Jauron,Trent Edwards,7,7.5,7.65458,Under,-150,130,0.0347826,0.579832,0.420168,-0.0213806,-0.0430086
DEN,2008,Mike Shanahan,Jay Cutler,8,7.5,7.63746,Over,-145,125,0.0362812,0.571116,0.428884,-0.529314,-0.562886
SF,2007,Mike Nolan,Alex Smith,5,7.5,7.63746,Under,-145,125,0.0362812,0.571116,0.428884,-0.0647797,0.0414028
WAS,2003,Steve Spurrier,Patrick Ramsey,5,7.5,7.63325,Under,-150,120,0.0545455,0.568965,0.431034,0.478919,1.08176
CAR,2008,John Fox,Jake Delhomme,12,7.5,7.61973,Over,-140,120,0.0378788,0.562044,0.437956,-2.15817,-1.22199
TB,2013,Greg Schiano,Mike Glennon,4,7.5,7.61564,Under,-145,115,0.056953,0.559946,0.440054,0.371396,0.789623
CAR,2012,Ron Rivera,Cam Newton,7,7.5,7.61564,Under,-145,115,0.056953,0.559946,0.440054,0.671557,1.06367
OAK,2005,Norv Turner,Kerry Collins,4,7.5,7.61564,Under,-145,115,0.056953,0.559946,0.440054,0.457514,0.792066
ATL,2025,Raheem Morris,Michael Penix,2,7.5,7.60869,Active,-140,115,0.0484496,0.556377,0.443623,-2.40558,-0.845684
CHI,2025,Ben Johnson,Caleb Williams,2,7.5,7.60869,Active,-140,115,0.0484496,0.556377,0.443623,-0.0390495,1.45756
ARI,2008,Ken Whisenhunt,Kurt Warner,9,7.5,7.60134,Over,-135,115,0.0395844,0.552594,0.447406,-3.57152,-0.145877
CAR,2013,Ron Rivera,Cam Newton,12,7.5,7.5974,Over,-140,110,0.0595238,0.550562,0.449438,-0.216319,0.96946
ARI,2010,Ken Whisenhunt,Derek Anderson,5,7.5,7.5974,Under,-140,110,0.0595238,0.550562,0.449438,-1.18918,-1.01285
JAX,2004,Jack Del Rio,Byron Leftwich,9,7.5,7.5974,Over,-140,110,0.0595238,0.550562,0.449438,-0.0315036,0.336167
DEN,2020,Vic Fangio,Drew Lock,5,7.5,7.57848,Under,-135,105,0.062273,0.540791,0.459209,-0.0533955,0.369833
DAL,2014,Jason Garrett,Tony Romo,12,8,7.57821,Over,230,-270,0.03276,0.293418,0.706582,-1.31287,0.552894
JAX,2025,Liam Coen,Trevor Lawrence,4,7.5,7.56242,Active,-125,105,0.0433604,0.532468,0.467532,-1.54315,0.113456
CHI,2023,Matt Eberflus,Justin Fields,7,7.5,7.56242,Under,-125,105,0.0433604,0.532468,0.467532,-1.14127,-0.158168
JAX,2016,Gus Bradley,Blake Bortles,3,7.5,7.56242,Under,-125,105,0.0433604,0.532468,0.467532,-0.0661541,0.397439
LAC,2020,Anthony Lynn,Justin Herbert,7,7.5,7.55884,Under,-130,100,0.0652174,0.530612,0.469388,-0.728246,-0.292031
ATL,2020,Raheem Morris,Matt Ryan,4,7.5,7.55884,Under,-130,100,0.0652174,0.530612,0.469388,-0.23635,0.216936
SEA,2012,Pete Carroll,Russell Wilson,11,7.5,7.55884,Over,-130,100,0.0652174,0.530612,0.469388,-1.89288,0.0682141
OAK,2004,Norv Turner,Kerry Collins,5,7.5,7.55884,Under,-130,100,0.0652174,0.530612,0.469388,-0.116128,0.301196
KC,2013,Andy Reid,Alex Smith,11,7.5,7.54909,Over,-160,-125,0.17094,0.525547,0.474453,-2.68163,-1.37368
CAR,2023,Frank Reich,Bryce Young,2,7.5,7.54176,Under,-120,100,0.0454545,0.521739,0.478261,-1.43703,-0.43352
GB,2023,Matt LaFleur,Jordan Love,9,7.5,7.54176,Over,-120,100,0.0454545,0.521739,0.478261,-1.77525,0.152443
WAS,2016,Jay Gruden,Kirk Cousins,8,7.5,7.54176,Over,-120,100,0.0454545,0.521739,0.478261,-0.470809,0.0359171
WAS,2014,Jay Gruden,Robert Griffin,4,7.5,7.54176,Under,-120,100,0.0454545,0.521739,0.478261,-0.663618,-0.130554
WAS,2008,Jim Zorn,Jason Campbell,8,7.5,7.54176,Over,-120,100,0.0454545,0.521739,0.478261,-0.223072,-0.118465
NO,2005,Jim Haslett,Aaron Brooks,3,7.5,7.539,Under,-125,-105,0.0677507,0.520305,0.479695,-0.194379,0.279453
WAS,2022,Ron Rivera,Taylor Heinicke,8,7.5,7.5208,Over,-115,-105,0.0470788,0.510834,0.489166,-1.89708,-0.817257
ARI,2020,Kliff Kingsbury,Kyler Murray,8,7.5,7.51943,Over,-120,-110,0.0692641,0.510121,0.489879,0.406069,0.940629
LAR,2013,Jeff Fisher,Kellen Clemens,7,7.5,7.51943,Under,-120,-110,0.0692641,0.510121,0.489879,-0.124799,0.442092
LAR,2011,Steve Spagnuolo,Sam Bradford,2,7.5,7.51943,Under,-120,-110,0.0692641,0.510121,0.489879,-1.16645,-0.649804
BUF,2009,Dick Jauron,Ryan Fitzpatrick,6,7.5,7.51943,Under,-120,-110,0.0692641,0.510121,0.489879,0.0991178,0.593283
NYG,2023,Brian Daboll,Daniel Jones,6,7.5,7.5,Under,-110,-110,0.047619,0.5,0.5,-0.0861193,0.997347
NYJ,2019,Adam Gase,Sam Darnold,7,7.5,7.5,Under,-110,-110,0.047619,0.5,0.5,-1.20297,-0.716774
IND,2019,Frank Reich,Jacoby Brissett,7,7.5,7.5,Under,-110,-110,0.047619,0.5,0.5,-0.335608,0.127669
DET,2018,Matt Patricia,Matthew Stafford,6,7.5,7.5,Under,-110,-110,0.047619,0.5,0.5,-0.0927145,0.446847
LAR,2015,Jeff Fisher,Nick Foles,7,7.5,7.5,Under,-110,-110,0.047619,0.5,0.5,-1.16338,-0.488442
KC,2011,Todd Haley,Matt Cassel,7,7.5,7.5,Under,-115,-115,0.0697674,0.5,0.5,0.882127,1.40306
NYJ,2008,Eric Mangini,Brett Favre,9,7.5,7.5,Over,-110,-110,0.047619,0.5,0.5,-0.650189,-0.375357
WAS,2005,Joe Gibbs,Mark Brunell,10,7.5,7.5,Over,-115,-115,0.0697674,0.5,0.5,-2.2858,-0.0564449
BUF,2004,Mike Mularkey,Drew Bledsoe,9,7.5,7.5,Over,-115,-115,0.0697674,0.5,0.5,-0.442148,0.0981554
NO,2004,Jim Haslett,Aaron Brooks,8,7.5,7.5,Over,-115,-115,0.0697674,0.5,0.5,-0.554795,-0.0312675
CIN,2004,Marvin Lewis,Carson Palmer,8,7.5,7.5,Over,-115,-115,0.0697674,0.5,0.5,0.326643,0.868236
CAR,2003,John Fox,Jake Delhomme,11,7.5,7.5,Over,-115,-115,0.0697674,0.5,0.5,-3.199,0.305878
HOU,2020,Romeo Crennel,Deshaun Watson,4,7.5,7.48057,Under,-110,-120,0.0692641,0.489879,0.510121,-0.919416,-0.344029
MIA,2025,Mike McDaniel,Tua Tagovailoa,1,7.5,7.4792,Active,-105,-115,0.0470788,0.489166,0.510834,-1.93469,-0.0533657
OAK,2020,Jon Gruden,Derek Carr,8,7.5,7.461,Over,-105,-125,0.0677507,0.479695,0.520305,-0.297296,0.33175
SF,2011,Jim Harbaugh,Alex Smith,13,7.5,7.461,Over,-105,-125,0.0677507,0.479695,0.520305,-2.86896,-0.852785
DAL,2025,Brian Schottenheimer,Dak Prescott,2,7.5,7.45824,Active,100,-120,0.0454545,0.478261,0.521739,-0.437955,1.37612
NE,2023,Bill Belichick,Mac Jones,4,7.5,7.45824,Under,100,-120,0.0454545,0.478261,0.521739,0.695309,2.1149
SEA,2018,Pete Carroll,Russell Wilson,10,7.5,7.45824,Over,100,-120,0.0454545,0.478261,0.521739,-0.893239,0.466383
HOU,2008,Gary Kubiak,Matt Schaub,8,7.5,7.45824,Over,100,-120,0.0454545,0.478261,0.521739,0.734758,0.982113
LAR,2007,Scott Linehan,Marc Bulger,3,7.5,7.45824,Under,100,-120,0.0454545,0.478261,0.521739,-0.196871,0.236802
KC,2007,Herm Edwards,Damon Huard,4,7.5,7.45824,Under,100,-120,0.0454545,0.478261,0.521739,-0.414533,0.0258588
ATL,2007,Bobby Petrino,Joey Harrington,4,7.5,7.45824,Under,100,-120,0.0454545,0.478261,0.521739,-0.238023,0.194332
PIT,2022,Mike Tomlin,Kenny Pickett,9,7.5,7.44493,Over,-105,-135,0.0866632,0.471347,0.528653,0.0899636,1.29228
PHI,2013,Chip Kelly,Nick Foles,10,7.5,7.44116,Over,100,-130,0.0652174,0.469388,0.530612,-1.06518,0.500689
WAS,2010,Mike Shanahan,Donovan McNabb,6,7.5,7.44116,Under,100,-130,0.0652174,0.469388,0.530612,1.04268,1.44613
HOU,2005,Dom Capers,David Carr,2,7.5,7.44116,Under,100,-130,0.0652174,0.469388,0.530612,-0.818661,-0.16676
PIT,2004,Bill Cowher,Ben Roethlisberger,15,7.5,7.44116,Over,100,-130,0.0652174,0.469388,0.530612,-1.51535,0.759181
CHI,2021,Matt Nagy,Justin Fields,6,7.5,7.43758,Under,105,-125,0.0433604,0.467532,0.532468,-0.104936,1.11586
DEN,2021,Vic Fangio,Teddy Bridgewater,7,7.5,7.43758,Under,105,-125,0.0433604,0.467532,0.532468,-1.05937,0.302921
NO,2024,Dennis Allen,Derek Carr,5,7.5,7.42003,Under,109,-130,0.0436863,0.458441,0.541559,-1.90345,-0.805601
IND,2025,Shane Steichen,Daniel Jones,4,7.5,7.41774,Active,110,-130,0.0414079,0.457256,0.542744,-1.64559,0.256551
TEN,2023,Mike Vrabel,Will Levis,6,7.5,7.41774,Under,110,-130,0.0414079,0.457256,0.542744,-1.24356,0.289582
CAR,2021,Matt Rhule,Sam Darnold,5,7.5,7.41774,Under,110,-130,0.0414079,0.457256,0.542744,-0.869372,0.374302
IND,2018,Frank Reich,Andrew Luck,10,7.5,7.41774,Over,110,-130,0.0414079,0.457256,0.542744,-2.52839,-0.438221
NYJ,2015,Todd Bowles,Ryan Fitzpatrick,10,7.5,7.41774,Over,110,-130,0.0414079,0.457256,0.542744,0.285872,1.09007
CHI,2018,Matt Nagy,Mitch Trubisky,12,7.5,7.39866,Over,115,-135,0.0395844,0.447406,0.552594,-1.1023,0.343667
MIA,2011,Tony Sparano,Matt Moore,6,7.5,7.38436,Under,115,-145,0.056953,0.440054,0.559946,0.203816,0.946697
OAK,2018,Jon Gruden,Derek Carr,4,7.5,7.38027,Under,120,-140,0.0378788,0.437956,0.562044,-1.15646,-0.414629
DET,2017,Jim Caldwell,Matthew Stafford,9,7.5,7.38027,Over,120,-140,0.0378788,0.437956,0.562044,-0.100535,0.524168
WAS,2017,Jay Gruden,Kirk Cousins,7,7.5,7.38027,Under,120,-140,0.0378788,0.437956,0.562044,0.605061,1.24039
LAC,2013,Mike McCoy,Philip Rivers,9,7.5,7.36675,Over,120,-150,0.0545455,0.431034,0.568965,-2.98703,-1.00388
CLE,2004,Butch Davis,Jeff Garcia,4,7.5,7.36675,Under,120,-150,0.0545455,0.431034,0.568965,-0.607572,0.157594
GB,2007,Mike McCarthy,Brett Favre,13,7.5,7.34542,Over,130,-150,0.0347826,0.420168,0.579832,-2.79495,-0.370018
DAL,2003,Bill Parcells,Quincy Carter,10,7.5,7.33327,Over,130,-160,0.0501672,0.414013,0.585987,-1.23561,0.864079
CHI,2003,Dick Jauron,Kordell Stewart,7,7.5,7.33327,Under,130,-160,0.0501672,0.414013,0.585987,-0.939973,0.172908
WAS,2007,Joe Gibbs,Jason Campbell,9,7.5,7.31284,Over,140,-160,0.0320513,0.403727,0.596273,-1.88245,-0.518387
CHI,2016,John Fox,Matt Barkley,3,7.5,7.29732,Under,145,-165,0.0308048,0.395966,0.604034,-1.44326,-0.500638
LAC,2016,Mike McCoy,Philip Rivers,5,7,7.26033,Under,-185,165,0.0264813,0.632377,0.367623,-0.538431,0.500376
DEN,2018,Vance Joseph,Case Keenum,6,7,7.22771,Under,-180,150,0.0428571,0.616438,0.383562,-1.35264,-0.337933
OAK,2023,Antonio Pierce,Aidan O'Connell,8,7.5,7.22624,Over,170,-190,0.0255428,0.361146,0.638854,-0.316079,1.57091
LAR,2016,Jeff Fisher,Case Keenum,4,7.5,7.20909,Under,175,-200,0.030303,0.352941,0.647059,-0.725936,0.39596
DET,2016,Jim Caldwell,Matthew Stafford,9,7,7.15458,Over,-150,130,0.0347826,0.579832,0.420168,-1.97903,-0.248381
ARI,2011,Ken Whisenhunt,Kevin Kolb,8,7,7.13325,Over,-150,120,0.0545455,0.568965,0.431034,-2.57374,-1.35639
ARI,2005,Dennis Green,Kurt Warner,5,7,7.13325,Under,-150,120,0.0545455,0.568965,0.431034,-2.10179,-0.865194
BUF,2019,Sean McDermott,Josh Allen,10,7,7.11973,Over,-140,120,0.0378788,0.562044,0.437956,-2.42585,-0.520443
NYG,2018,Pat Shurmur,Eli Manning,5,7,7.11973,Under,-140,120,0.0378788,0.562044,0.437956,-0.556801,0.659261
TB,2016,Dirk Koetter,Jameis Winston,9,7,7.11973,Over,-140,120,0.0378788,0.562044,0.437956,-0.603925,0.699929
NO,2016,Sean Payton,Drew Brees,7,7,7.11973,Push,-140,120,0.0378788,0.562044,0.437956,-0.614607,0.689794
TEN,2014,Ken Whisenhunt,Zach Mettenberger,2,7,7.11973,Under,-140,120,0.0378788,0.562044,0.437956,-2.50894,-1.21862
TEN,2012,Mike Munchak,Jake Locker,6,7,7.11564,Under,-145,115,0.056953,0.559946,0.440054,-1.58429,-0.279219
CIN,2018,Marvin Lewis,Andy Dalton,6,7,7.10134,Under,-135,115,0.0395844,0.552594,0.447406,-1.00618,0.278355
ARI,2007,Ken Whisenhunt,Kurt Warner,8,7,7.10134,Over,-135,115,0.0395844,0.552594,0.447406,-0.962269,0.113777
NYJ,2020,Adam Gase,Sam Darnold,2,7,7.0974,Under,-140,110,0.0595238,0.550562,0.449438,-0.288496,0.998387
SF,2009,Mike Singletary,Alex Smith,8,7,7.0974,Over,-140,110,0.0595238,0.550562,0.449438,-1.57645,-0.368557
DEN,2019,Vic Fangio,Joe Flacco,7,7,7.08226,Push,-130,110,0.0414079,0.542744,0.457256,-0.850818,0.370608
WAS,2018,Jay Gruden,Alex Smith,7,7,7.08226,Push,-130,110,0.0414079,0.542744,0.457256,-0.499178,0.773316
MIA,2017,Adam Gase,Jay Cutler,6,7,7.08226,Under,-130,110,0.0414079,0.542744,0.457256,-1.59483,-0.47054
ATL,2016,Dan Quinn,Matt Ryan,11,7,7.08226,Over,-130,110,0.0414079,0.542744,0.457256,-2.51439,0.976602
NYJ,2014,Rex Ryan,Geno Smith,4,7,7.06242,Under,-125,105,0.0433604,0.532468,0.467532,-1.12633,0.260345
CIN,2008,Marvin Lewis,Ryan Fitzpatrick,4,7,7.06242,Under,-125,105,0.0433604,0.532468,0.467532,-0.439155,0.530423
DEN,2010,Josh McDaniels,Kyle Orton,4,7,7.05884,Under,-130,100,0.0652174,0.530612,0.469388,-1.24803,-0.120194
NYJ,2009,Rex Ryan,Mark Sanchez,9,7,7.05884,Over,-130,100,0.0652174,0.530612,0.469388,-2.48267,0.859455
TB,2014,Lovie Smith,Josh McCown,2,7,7.04176,Under,-120,100,0.0454545,0.521739,0.478261,-0.80436,0.629226
MIA,2007,Cam Cameron,Cleo Lemon,1,7,7.04176,Under,-120,100,0.0454545,0.521739,0.478261,-1.28032,-0.0971363
MIA,2009,Tony Sparano,Chad Henne,7,7,7.039,Push,-125,-105,0.0677507,0.520305,0.479695,0.00350869,1.34735
CIN,2009,Marvin Lewis,Carson Palmer,10,7,7.03652,Over,-130,-110,0.0890269,0.519011,0.480989,-2.81629,-0.495533
ATL,2021,Arthur Smith,Matt Ryan,7,7,7.0208,Push,-115,-105,0.0470788,0.510834,0.489166,-1.665,0.266802
MIN,2011,Leslie Frazier,Christian Ponder,3,7,7.01943,Under,-120,-110,0.0692641,0.510121,0.489879,-0.495795,0.929848
NYG,2021,Joe Judge,Daniel Jones,4,7,7,Under,-110,-110,0.047619,0.5,0.5,-1.35256,0.6139
OAK,2012,Dennis Allen,Carson Palmer,4,7,7,Under,-115,-115,0.0697674,0.5,0.5,-1.17019,0.305459
TB,2007,Jon Gruden,Jeff Garcia,9,7,7,Over,-110,-110,0.047619,0.5,0.5,-1.95083,0.36862
TB,2005,Jon Gruden,Chris Simms,11,7,7,Over,-115,-115,0.0697674,0.5,0.5,-2.29439,0.158167
MIN,2013,Leslie Frazier,Christian Ponder,5,7,6.961,Under,-105,-125,0.0677507,0.479695,0.520305,0.227309,1.82096
JAX,2010,Jack Del Rio,David Garrard,8,7,6.961,Over,-105,-125,0.0677507,0.479695,0.520305,0.102487,1.44645
CHI,2005,Lovie Smith,Kyle Orton,11,7,6.94116,Over,100,-130,0.0652174,0.469388,0.530612,-2.6727,-0.342937
JAX,2003,Jack Del Rio,Byron Leftwich,5,7,6.94116,Under,100,-130,0.0652174,0.469388,0.530612,-1.72247,0.127782
NYG,2022,Brian Daboll,Daniel Jones,9,7,6.93758,Over,105,-125,0.0433604,0.467532,0.532468,-4.0839,-0.711702
PHI,2021,Nick Sirianni,Jalen Hurts,9,7,6.93758,Over,105,-125,0.0433604,0.467532,0.532468,-2.31095,0.170223
TEN,2007,Jeff Fisher,Vince Young,10,7,6.93758,Over,105,-125,0.0433604,0.467532,0.532468,-1.13442,0.827772
LAR,2006,Scott Linehan,Marc Bulger,8,7,6.91774,Over,110,-130,0.0414079,0.457256,0.542744,-1.97962,-0.262637
SEA,2010,Pete Carroll,Matt Hasselbeck,7,7,6.9026,Push,110,-140,0.0595238,0.449438,0.550562,-3.81726,-1.13206
CAR,2010,John Fox,Jimmy Clausen,2,7,6.88436,Under,115,-145,0.056953,0.440054,0.559946,-2.292,-0.819292
MIA,2016,Adam Gase,Ryan Tannehill,10,7,6.88027,Over,120,-140,0.0378788,0.437956,0.562044,-2.023,0.266318
LAR,2014,Jeff Fisher,Austin Davis,6,7,6.88027,Under,120,-140,0.0378788,0.437956,0.562044,-0.551585,1.18327
DET,2006,Rod Marinelli,Jon Kitna,3,7,6.88027,Under,120,-140,0.0378788,0.437956,0.562044,-3.19819,-1.44462
NO,2006,Sean Payton,Drew Brees,10,7,6.82886,Over,135,-155,0.0333751,0.411788,0.588212,-1.8724,1.71372
ARI,2012,Ken Whisenhunt,John Skelton,5,7,6.81606,Under,133,-170,0.0588142,0.405345,0.594655,-1.68529,0.190413
CLE,2009,Eric Mangini,Brady Quinn,5,7,6.74436,Under,160,-190,0.0397878,0.369898,0.630102,-2.30378,-0.428253
BUF,2006,Dick Jauron,J.P. Losman,7,7,6.73967,Push,165,-185,0.0264813,0.367623,0.632377,-3.17121,-1.15723
CLE,2006,Romeo Crennel,Charlie Frye,4,6.5,6.73234,Under,-175,155,0.0285205,0.618717,0.381283,-0.137452,1.90836
MIA,2012,Joe Philbin,Ryan Tannehill,7,7,6.70313,Push,170,-220,0.0578704,0.350109,0.649891,-2.64742,-0.562658
CLE,2011,Pat Shurmur,Colt McCoy,4,6.5,6.66673,Under,-160,130,0.0501672,0.585987,0.414013,-3.11845,-1.07726
DET,2019,Matt Patricia,Matthew Stafford,3,6.5,6.65458,Under,-150,130,0.0347826,0.579832,0.420168,-1.82132,0.173675
BUF,2014,Doug Marrone,Kyle Orton,9,6.5,6.63746,Over,-145,125,0.0362812,0.571116,0.428884,-1.97975,0.227588
MIN,2024,Kevin O'Connell,Sam Darnold,14,6.5,6.62885,Over,-145,121,0.0443254,0.566717,0.433283,-1.6191,1.57016
OAK,2025,Pete Carroll,Geno Smith,1,6.5,6.62667,Active,-145,120,0.0463822,0.565603,0.434397,-2.32282,1.02263
MIA,2018,Adam Gase,Ryan Tannehill,7,6.5,6.61973,Over,-140,120,0.0378788,0.562044,0.437956,-2.74448,-0.553146
LAR,2008,Jim Haslett,Marc Bulger,2,6.5,6.61973,Under,-140,120,0.0378788,0.562044,0.437956,-2.44534,-0.58236
MIN,2007,Brad Childress,Tarvaris Jackson,8,6.5,6.61973,Over,-140,120,0.0378788,0.562044,0.437956,-2.51522,-0.547691
ARI,2024,Jonathan Gannon,Kyler Murray,8,6.5,6.61676,Over,-141,118,0.0437778,0.560524,0.439476,-1.62318,0.920439
CAR,2025,Dave Canales,Bryce Young,2,6.5,6.58226,Active,-130,110,0.0414079,0.542744,0.457256,-4.13938,-0.738298
DET,2008,Rod Marinelli,Dan Orlovsky,0,6.5,6.58226,Under,-130,110,0.0414079,0.542744,0.457256,-1.32702,0.520841
IND,2023,Shane Steichen,Gardner Minshew,9,6.5,6.56242,Over,-125,105,0.0433604,0.532468,0.467532,-3.29665,-0.128159
JAX,2017,Doug Marrone,Blake Bortles,10,6.5,6.56242,Over,-125,105,0.0433604,0.532468,0.467532,-4.45126,-0.538194
DET,2020,Matt Patricia,Matthew Stafford,5,6.5,6.55884,Under,-130,100,0.0652174,0.530612,0.469388,-2.88969,-0.65106
TEN,2011,Mike Munchak,Matt Hasselbeck,9,6.5,6.55884,Over,-130,100,0.0652174,0.530612,0.469388,-2.88106,-0.642147
DET,2004,Steve Mariucci,Joey Harrington,6,6.5,6.55884,Under,-130,100,0.0652174,0.530612,0.469388,-2.0136,0.229715
CHI,2004,Lovie Smith,Chad Hutchinson,5,6.5,6.55884,Under,-130,100,0.0652174,0.530612,0.469388,-1.94523,0.300115
OAK,2024,Antonio Pierce,Gardner Minshew,4,6.5,6.54047,Under,-118,101,0.0387968,0.521069,0.478931,-2.43594,0.165318
CLE,2013,Rob Chudzinski,Jason Campbell,4,6.5,6.539,Under,-125,-105,0.0677507,0.520305,0.479695,-1.80627,0.582221
NYG,2005,Tom Coughlin,Eli Manning,11,6.5,6.51943,Over,-120,-110,0.0692641,0.510121,0.489879,-2.79299,0.417742
TB,2019,Bruce Arians,Jameis Winston,7,6.5,6.5,Over,-110,-110,0.047619,0.5,0.5,-1.78998,0.511168
TEN,2013,Mike Munchak,Ryan Fitzpatrick,7,6.5,6.5,Over,-115,-115,0.0697674,0.5,0.5,-3.62905,-1.08039
KC,2010,Todd Haley,Matt Cassel,10,6.5,6.5,Over,-115,-115,0.0697674,0.5,0.5,-3.52874,-0.543413
TEN,2005,Jeff Fisher,Steve McNair,4,6.5,6.5,Under,-115,-115,0.0697674,0.5,0.5,-2.72699,-0.356176
WAS,2023,Ron Rivera,Sam Howell,4,6.5,6.48057,Under,-110,-120,0.0692641,0.489879,0.510121,-1.6045,1.24939
MIA,2020,Brian Flores,Tua Tagovailoa,10,6.5,6.48057,Over,-110,-120,0.0692641,0.489879,0.510121,-1.90321,0.522576
JAX,2011,Jack Del Rio,Blaine Gabbert,5,6.5,6.48057,Under,-110,-120,0.0692641,0.489879,0.510121,-2.05335,0.350866
CIN,2021,Zac Taylor,Joe Burrow,10,6.5,6.4792,Over,-105,-115,0.0470788,0.489166,0.510834,-4.00691,1.35646
OAK,2011,Hue Jackson,Carson Palmer,8,6.5,6.461,Over,-105,-125,0.0677507,0.479695,0.520305,-1.31974,1.14613
LAR,2023,Sean McVay,Matthew Stafford,10,6.5,6.45824,Over,100,-120,0.0454545,0.478261,0.521739,-3.08455,0.446024
CAR,2022,Steve Wilks,Phillip Walker,7,6.5,6.45824,Over,100,-120,0.0454545,0.478261,0.521739,-2.29014,0.655669
CHI,2015,John Fox,Jay Cutler,6,6.5,6.45824,Under,100,-120,0.0454545,0.478261,0.521739,-2.79193,-0.225921
HOU,2007,Gary Kubiak,Matt Schaub,8,6.5,6.45824,Over,100,-120,0.0454545,0.478261,0.521739,-1.81276,0.458276
NYG,2020,Joe Judge,Daniel Jones,6,6.5,6.44116,Under,100,-130,0.0652174,0.469388,0.530612,-1.37439,1.13658
HOU,2004,Dom Capers,David Carr,7,6.5,6.44116,Over,100,-130,0.0652174,0.469388,0.530612,-1.85635,0.615541
WAS,2024,Dan Quinn,Jayden Daniels,12,6.5,6.44104,Over,105,-123,0.0393744,0.469325,0.530675,-4.26861,0.214245
OAK,2006,Art Shell,Andrew Walter,2,6.5,6.43758,Under,105,-125,0.0433604,0.467532,0.532468,-1.66477,0.949765
DEN,2009,Josh McDaniels,Kyle Orton,8,6.5,6.42152,Over,105,-135,0.062273,0.459209,0.540791,-1.88237,0.602608
TEN,2025,Brian Callahan,Cam Ward,1,6.5,6.41774,Active,110,-130,0.0414079,0.457256,0.542744,-3.84748,-0.168831
CLE,2014,Mike Pettine,Brian Hoyer,7,6.5,6.41774,Over,110,-130,0.0414079,0.457256,0.542744,-3.35176,-0.791269
JAX,2022,Doug Pederson,Trevor Lawrence,9,6.5,6.39866,Over,115,-135,0.0395844,0.447406,0.552594,-4.10636,-0.049974
WAS,2012,Mike Shanahan,Robert Griffin,10,6.5,6.38436,Over,115,-145,0.056953,0.440054,0.559946,-2.53008,1.18041
TB,2023,Todd Bowles,Baker Mayfield,9,6.5,6.38027,Over,120,-140,0.0378788,0.437956,0.562044,-4.00203,0.0777496
HOU,2023,DeMeco Ryans,C.J. Stroud,10,6.5,6.38027,Over,120,-140,0.0378788,0.437956,0.562044,-4.50533,0.147876
NYG,2024,Brian Daboll,Daniel Jones,3,6.5,6.37527,Under,121,-142,0.0392655,0.435393,0.564607,-2.77917,0.134879
NYJ,2025,Aaron Glenn,Justin Fields,0,6.5,6.37333,Active,120,-145,0.0463822,0.434397,0.565603,-3.90238,0.0048905
BUF,2013,Doug Marrone,EJ Manuel,6,6.5,6.36675,Under,120,-150,0.0545455,0.431034,0.568965,-2.5995,0.10458
TEN,2024,Brian Callahan,Mason Rudolph,3,6.5,6.36415,Under,123,-147,0.0435722,0.429707,0.570293,-1.70156,1.16677
CHI,2022,Matt Eberflus,Justin Fields,3,6.5,6.34542,Under,130,-150,0.0347826,0.420168,0.579832,-3.48626,-0.294357
TB,2018,Dirk Koetter,Jameis Winston,5,6.5,6.34542,Under,130,-150,0.0347826,0.420168,0.579832,-1.3548,1.24831
BUF,2017,Sean McDermott,Tyrod Taylor,9,6.5,6.34542,Over,130,-150,0.0347826,0.420168,0.579832,-3.74262,-0.272067
PHI,2016,Doug Pederson,Carson Wentz,7,6.5,6.34542,Over,130,-150,0.0347826,0.420168,0.579832,-2.89869,-0.227034
NYJ,2006,Eric Mangini,Chad Pennington,10,6.5,6.34542,Over,130,-150,0.0347826,0.420168,0.579832,-4.58071,-1.26996
TB,2009,Raheem Morris,Josh Freeman,3,6.5,6.30186,Under,140,-170,0.0462963,0.39823,0.60177,-1.24988,1.39952
CLE,2015,Mike Pettine,Josh McCown,3,6.5,6.26766,Under,155,-175,0.0285205,0.381283,0.618717,-3.35437,-0.442324
SF,2015,Jim Tomsula,Blaine Gabbert,5,6.5,6.26766,Under,155,-175,0.0285205,0.381283,0.618717,-2.71526,0.164178
NYJ,2013,Rex Ryan,Geno Smith,8,6.5,6.23601,Over,160,-200,0.0512821,0.365854,0.634146,-2.85213,0.121068
MIN,2014,Mike Zimmer,Teddy Bridgewater,7,6,6.23234,Over,-175,155,0.0285205,0.618717,0.381283,-1.98041,0.931596
DET,2022,Dan Campbell,Jared Goff,9,6,6.18716,Over,-160,140,0.0320513,0.596273,0.403727,-3.73035,-0.265608
GB,2006,Mike McCarthy,Brett Favre,8,6,6.18716,Over,-160,140,0.0320513,0.596273,0.403727,-4.66834,-1.67011
SF,2008,Mike Singletary,"Sullivan"" ",7,6,6.17114,Over,-155,135,0.0333751,0.588212,0.411788,-2.88357,-0.204331
TEN,2016,Mike Mularkey,Marcus Mariota,9,6,6.15458,Over,-150,130,0.0347826,0.579832,0.420168,-2.81983,0.180666
TB,2015,Lovie Smith,Jameis Winston,6,6,6.15458,Push,-150,130,0.0347826,0.579832,0.420168,-2.92867,0.269446
OAK,2010,Tom Cable,Jason Campbell,8,6,6.13325,Over,-150,120,0.0545455,0.568965,0.431034,-2.93781,-0.0659403
OAK,2008,Tom Cable,JaMarcus Russell,5,6,6.10134,Under,-135,115,0.0395844,0.552594,0.447406,-3.65407,-0.839101
TB,2012,Greg Schiano,Josh Freeman,7,6,6.0974,Over,-140,110,0.0595238,0.550562,0.449438,-2.26459,0.920279
DET,2003,Steve Mariucci,Joey Harrington,5,6,6.0974,Under,-140,110,0.0595238,0.550562,0.449438,-3.27142,0.129207
NYJ,2021,Robert Saleh,Zach Wilson,4,6,6.08226,Under,-130,110,0.0414079,0.542744,0.457256,-3.52928,0.183997
ARI,2018,Steve Wilks,Josh Rosen,3,6,6.08226,Under,-130,110,0.0414079,0.542744,0.457256,-2.4057,0.758499
WAS,2015,Jay Gruden,Kirk Cousins,9,6,6.08226,Over,-130,110,0.0414079,0.542744,0.457256,-2.44412,1.5342
NYG,2004,Tom Coughlin,Kurt Warner,6,6,6.07848,Push,-135,105,0.062273,0.540791,0.459209,-2.73167,0.406822
JAX,2021,Urban Meyer,Trevor Lawrence,3,6,6.06518,Under,-120,110,0.021645,0.533898,0.466102,-3.79051,-0.0234508
LAR,2012,Jeff Fisher,Sam Bradford,7,6,6.039,Over,-125,-105,0.0677507,0.520305,0.479695,-3.5194,-0.231579
WAS,2011,Mike Shanahan,Rex Grossman,5,6,6.039,Under,-125,-105,0.0677507,0.520305,0.479695,-2.92051,0.314993
KC,2009,Todd Haley,Matt Cassel,4,6,6.039,Under,-125,-105,0.0677507,0.520305,0.479695,-2.8428,0.343729
DEN,2011,John Fox,Tim Tebow,8,6,6.01943,Over,-120,-110,0.0692641,0.510121,0.489879,-3.35372,1.05293
MIN,2012,Leslie Frazier,Christian Ponder,10,6,6,Over,-115,-115,0.0697674,0.5,0.5,-4.03332,-0.231735
DET,2007,Rod Marinelli,Jon Kitna,7,6,6,Over,-110,-110,0.047619,0.5,0.5,-3.69428,-0.563452
BUF,2007,Dick Jauron,Trent Edwards,7,6,6,Over,-110,-110,0.047619,0.5,0.5,-2.37865,0.699955
CLE,2018,Gregg Williams,Baker Mayfield,7,6,5.95824,Over,100,-120,0.0454545,0.478261,0.521739,-2.80393,0.555249
TB,2010,Raheem Morris,Josh Freeman,10,6,5.94116,Over,100,-130,0.0652174,0.469388,0.530612,-4.20394,-0.951863
NYG,2019,Pat Shurmur,Daniel Jones,4,6,5.93758,Under,105,-125,0.0433604,0.467532,0.532468,-3.72811,-0.333889
SEA,2022,Pete Carroll,Geno Smith,9,6,5.91774,Over,110,-130,0.0414079,0.457256,0.542744,-3.50681,1.06156
NYJ,2018,Todd Bowles,Sam Darnold,4,6,5.91774,Under,110,-130,0.0414079,0.457256,0.542744,-3.98262,-0.523
OAK,2009,Tom Cable,JaMarcus Russell,5,6,5.9026,Under,110,-140,0.0595238,0.449438,0.550562,-3.23511,0.261424
BAL,2008,John Harbaugh,Joe Flacco,11,6,5.89866,Over,115,-135,0.0395844,0.447406,0.552594,-4.55463,0.791427
SEA,2011,Pete Carroll,Tarvaris Jackson,7,6,5.86675,Over,120,-150,0.0545455,0.431034,0.568965,-4.02683,-0.468713
CIN,2019,Zac Taylor,Andy Dalton,2,6,5.84542,Under,130,-150,0.0347826,0.420168,0.579832,-3.40196,0.15502
WAS,2019,Bill Callahan,Case Keenum,3,6,5.84542,Under,130,-150,0.0347826,0.420168,0.579832,-3.51286,0.00940639
LAR,2017,Sean McVay,Jared Goff,11,6,5.81284,Over,140,-160,0.0320513,0.403727,0.596273,-3.80516,0.518976
TEN,2015,Ken Whisenhunt,Marcus Mariota,3,5.5,5.79956,Under,-200,180,0.0238095,0.651163,0.348837,-3.62209,0.253242
OAK,2019,Jon Gruden,Derek Carr,7,6,5.79196,Over,145,-170,0.0377929,0.393299,0.606701,-3.17352,0.415605
KC,2008,Herm Edwards,Tyler Thigpen,2,5.5,5.73234,Under,-175,155,0.0285205,0.618717,0.381283,-4.03987,-0.535016
NYJ,2022,Robert Saleh,Zach Wilson,7,5.5,5.72284,Over,-175,150,0.0363636,0.614035,0.385965,-3.15708,1.1381
OAK,2015,Jack Del Rio,Derek Carr,7,5.5,5.68716,Over,-160,140,0.0320513,0.596273,0.403727,-4.215,-0.275793
CLE,2007,Romeo Crennel,Derek Anderson,10,5.5,5.68716,Over,-160,140,0.0320513,0.596273,0.403727,-3.25306,0.458566
MIA,2005,Nick Saban,Gus Frerotte,9,5.5,5.68268,Over,-165,135,0.0481734,0.594025,0.405975,-2.77193,1.10639
DEN,2024,Sean Payton,Bo Nix,10,5.5,5.67149,Over,-157,134,0.0382454,0.588392,0.411608,-4.31798,0.325922
ARI,2013,Bruce Arians,Carson Palmer,10,5.5,5.65618,Over,-160,125,0.0598291,0.580645,0.419355,-3.41166,0.619762
LAR,2009,Steve Spagnuolo,Marc Bulger,1,5.5,5.63325,Under,-150,120,0.0545455,0.568965,0.431034,-4.17649,-0.272357
NYG,2025,Brian Daboll,Jaxson Dart,2,5.5,5.60869,Active,-140,115,0.0484496,0.556377,0.443623,-3.38349,1.7733
HOU,2006,Gary Kubiak,David Carr,6,5.5,5.58226,Over,-130,110,0.0414079,0.542744,0.457256,-4.26773,-0.0801233
CLE,2010,Eric Mangini,Colt McCoy,5,5.5,5.55884,Under,-130,100,0.0652174,0.530612,0.469388,-4.30871,-0.404705
ARI,2004,Dennis Green,Josh McCown,6,5.5,5.55884,Over,-130,100,0.0652174,0.530612,0.469388,-4.50545,-0.380044
CIN,2003,Marvin Lewis,Jon Kitna,8,5.5,5.55884,Over,-130,100,0.0652174,0.530612,0.469388,-4.1246,0.362177
JAX,2015,Gus Bradley,Blake Bortles,5,5.5,5.54176,Under,-120,100,0.0454545,0.521739,0.478261,-3.53724,0.803765
CIN,2020,Zac Taylor,Joe Burrow,4,5.5,5.51943,Under,-120,-110,0.0692641,0.510121,0.489879,-3.98595,0.291483
BUF,2011,Chan Gailey,Ryan Fitzpatrick,6,5.5,5.51943,Over,-120,-110,0.0692641,0.510121,0.489879,-3.28715,1.03562
MIA,2008,Tony Sparano,Chad Pennington,11,5.5,5.5,Over,-110,-110,0.047619,0.5,0.5,-5.09089,-0.076129
CAR,2020,Matt Rhule,Teddy Bridgewater,5,5.5,5.48057,Under,-110,-120,0.0692641,0.489879,0.510121,-4.1898,0.0796894
JAX,2012,Mike Mularkey,Blaine Gabbert,2,5.5,5.48057,Under,-110,-120,0.0692641,0.489879,0.510121,-4.74538,-0.364807
IND,2012,Chuck Pagano,Andrew Luck,11,5.5,5.461,Over,-105,-125,0.0677507,0.479695,0.520305,-5.44384,-0.415663
WAS,2020,Ron Rivera,Alex Smith,7,5.5,5.44116,Over,100,-130,0.0652174,0.469388,0.530612,-4.16655,1.08922
CHI,2017,John Fox,Mitch Trubisky,5,5.5,5.43758,Under,105,-125,0.0433604,0.467532,0.532468,-3.8963,0.381898
SF,2016,Chip Kelly,Colin Kaepernick,2,5.5,5.41774,Under,110,-130,0.0414079,0.457256,0.542744,-3.70119,0.779337
CIN,2011,Marvin Lewis,Andy Dalton,9,5.5,5.4026,Over,110,-140,0.0595238,0.449438,0.550562,-6.00703,-1.0615
BUF,2018,Sean McDermott,Josh Allen,6,5.5,5.38027,Over,120,-140,0.0378788,0.437956,0.562044,-4.63075,-0.0912326
TEN,2006,Jeff Fisher,Vince Young,8,5.5,5.38027,Over,120,-140,0.0378788,0.437956,0.562044,-4.35517,0.219717
CLE,2012,Pat Shurmur,Brandon Weeden,5,5.5,5.31606,Under,133,-170,0.0588142,0.405345,0.594655,-3.76322,0.950537
OAK,2013,Dennis Allen,Terrelle Pryor,4,5.5,5.23601,Under,160,-200,0.0512821,0.365854,0.634146,-5.71725,-0.761578
JAX,2014,Gus Bradley,Blake Bortles,3,5,5.15458,Under,-150,130,0.0347826,0.579832,0.420168,-5.72014,-0.734986
DET,2010,Jim Schwartz,Shaun Hill,6,5,5.15027,Over,-155,125,0.0522876,0.57764,0.42236,-4.41859,0.418516
DET,2021,Dan Campbell,Jared Goff,3,5,5.08226,Under,-130,110,0.0414079,0.542744,0.457256,-4.28661,1.20049
OAK,2014,Tony Sparano,Derek Carr,3,5,5.08226,Under,-130,110,0.0414079,0.542744,0.457256,-4.21046,1.01471
SF,2004,Dennis Erickson,Tim Rattay,2,5,5.05884,Under,-130,100,0.0652174,0.530612,0.469388,-5.09373,-0.0108669
HOU,2003,Dom Capers,David Carr,5,5,5.05884,Push,-130,100,0.0652174,0.530612,0.469388,-5.14189,0.352695
ARI,2019,Kliff Kingsbury,Kyler Murray,5,5,5.04176,Push,-120,100,0.0454545,0.521739,0.478261,-4.38263,0.710861
OAK,2007,Lane Kiffin,Josh McCown,4,5,5.04176,Under,-120,100,0.0454545,0.521739,0.478261,-4.84223,0.125032
BUF,2010,Chan Gailey,Ryan Fitzpatrick,4,5,5.039,Under,-125,-105,0.0677507,0.520305,0.479695,-5.06015,-0.0807045
JAX,2013,Gus Bradley,Chad Henne,4,5,5,Under,-115,-115,0.0697674,0.5,0.5,-6.42322,-0.963765
SF,2017,Kyle Shanahan,Brian Hoyer,6,5,4.95824,Over,100,-120,0.0454545,0.478261,0.521739,-4.71907,0.547376
SF,2006,Mike Nolan,Alex Smith,7,5,4.95824,Over,100,-120,0.0454545,0.478261,0.521739,-5.82702,-0.400976
HOU,2021,David Culley,Davis Mills,4,5,4.91774,Under,110,-130,0.0414079,0.457256,0.542744,-5.11573,0.800715
CAR,2024,Dave Canales,Andy Dalton,5,4.5,4.88991,Over,-260,212,0.042735,0.692623,0.307377,-6.03256,-0.400846
CLE,2005,Romeo Crennel,Trent Dilfer,6,5,4.88436,Over,115,-145,0.056953,0.440054,0.559946,-5.10641,0.39963
ATL,2022,Arthur Smith,Marcus Mariota,7,5,4.86254,Over,125,-145,0.0362812,0.428884,0.571116,-4.84046,1.04487
ARI,2003,Dave McGinnis,Jeff Blake,4,5,4.84973,Under,125,-155,0.0522876,0.42236,0.57764,-6.19469,-0.302701
CLE,2017,Hue Jackson,DeShone Kizer,0,4.5,4.72771,Under,-180,150,0.0428571,0.616438,0.383562,-5.80818,-0.0524843
CLE,2016,Hue Jackson,Cody Kessler,1,4.5,4.65458,Under,-150,130,0.0347826,0.579832,0.420168,-5.68428,0.236612
ATL,2008,Mike Smith,Matt Ryan,11,4.5,4.65458,Over,-150,130,0.0347826,0.579832,0.420168,-6.89505,-0.655057
CLE,2025,Kevin Stefanski,Joe Flacco,1,4.5,4.62667,Active,-145,120,0.0463822,0.565603,0.434397,-5.55016,1.6965
NE,2024,Jerod Mayo,Drake Maye,4,4.5,4.6117,Under,-139,117,0.0424195,0.557923,0.442077,-4.24257,1.87896
NO,2025,Kellen Moore,Spencer Rattler,1,4.5,4.59005,Active,-135,110,0.0506586,0.546769,0.45323,-8.07583,-0.863619
DET,2009,Jim Schwartz,Matthew Stafford,2,4.5,4.56663,Under,-135,100,0.0744681,0.534653,0.465347,-6.2414,-0.214044
LAR,2010,Steve Spagnuolo,Sam Bradford,7,4.5,4.539,Over,-125,-105,0.0677507,0.520305,0.479695,-7.06815,-1.09726
ARI,2023,Jonathan Gannon,Joshua Dobbs,4,4.5,4.5208,Under,-115,-105,0.0470788,0.510834,0.489166,-5.95583,0.674687
JAX,2020,Doug Marrone,Gardner Minshew II,1,4.5,4.51943,Under,-120,-110,0.0692641,0.510121,0.489879,-6.44386,-0.214266
CAR,2011,Ron Rivera,Cam Newton,6,4.5,4.461,Over,-105,-125,0.0677507,0.479695,0.520305,-5.60687,0.7418
HOU,2022,Lovie Smith,Davis Mills,3,4.5,4.45824,Under,100,-120,0.0454545,0.478261,0.521739,-6.25588,0.483381
MIA,2019,Brian Flores,Ryan Fitzpatrick,5,4.5,4.45824,Over,100,-120,0.0454545,0.478261,0.521739,-6.10366,0.271125
SF,2005,Mike Nolan,Alex Smith,4,4.5,4.44116,Under,100,-130,0.0652174,0.469388,0.530612,-7.02725,-0.559891
LAC,2004,Marty Schottenheimer,Drew Brees,12,4.5,4.4026,Over,110,-140,0.0595238,0.449438,0.550562,-6.10111,1.10059
NYJ,2017,Todd Bowles,Josh McCown,5,3.5,3.36254,Over,125,-145,0.0362812,0.428884,0.571116,-9.18454,-0.252432