Team,Season,Coach,QB,Actual,Vegas Total,Adj. Total,Result,Over,Under,Hold,Over,Under,Team,Opponent
NE,2017,Bill Belichick,Tom Brady,13,12.5,12.4582,Over,100,-120,0.0455,0.4783,0.5217,2.5281,-0.268138
BUF,2025,Sean McDermott,Josh Allen,12,12.5,12.356,Under,125,-150,0.0444,0.4255,0.5745,2.1126,-0.196024
NE,2008,Bill Belichick,Matt Cassel,11,12,12.2027,Under,-165,145,0.0308,0.604,0.396,2.5786,-0.25335
KC,2021,Andy Reid,Patrick Mahomes,12,12,12.0823,Push,-130,110,0.0414,0.5427,0.4573,1.8893,0.0329941
NE,2012,Bill Belichick,Tom Brady,12,12,12,Push,-115,-115,0.0698,0.5,0.5,2.1745,-0.263794
GB,2012,Mike McCarthy,Aaron Rodgers,11,12,11.736,Under,160,-200,0.0513,0.3659,0.6341,2.0244,-0.171575
KC,2023,Andy Reid,Patrick Mahomes,11,11.5,11.6375,Under,-145,125,0.0363,0.5711,0.4289,1.6548,0.242429
BUF,2022,Sean McDermott,Josh Allen,13,11.5,11.6197,Over,-140,120,0.0379,0.562,0.438,1.6934,-0.0392375
KC,2020,Andy Reid,Patrick Mahomes,14,11.5,11.6156,Over,-145,115,0.057,0.5599,0.4401,1.9552,-0.09365
NE,2009,Bill Belichick,Tom Brady,10,11.5,11.5785,Under,-135,105,0.0623,0.5408,0.4592,2.0383,-0.152219
BAL,2025,John Harbaugh,Lamar Jackson,8,11.5,11.5624,Under,-125,105,0.0434,0.5325,0.4675,1.6759,0.0878647
BAL,2020,John Harbaugh,Lamar Jackson,11,11.5,11.5,Under,-115,-115,0.0698,0.5,0.5,1.8886,-0.1219
NE,2019,Bill Belichick,Tom Brady,12,11.5,11.5,Over,-110,-110,0.0476,0.5,0.5,2.0324,-0.330019
NE,2011,Bill Belichick,Tom Brady,13,11.5,11.5,Over,-115,-115,0.0698,0.5,0.5,1.921,0.053075
NE,2007,Bill Belichick,Tom Brady,16,11.5,11.5,Over,-110,-110,0.0476,0.5,0.5,2.063,0.0149875
PHI,2005,Andy Reid,Donovan McNabb,6,11.5,11.4806,Under,-110,-120,0.0693,0.4899,0.5101,1.9677,-0.251337
IND,2005,Tony Dungy,Peyton Manning,14,11.5,11.4806,Over,-110,-120,0.0693,0.4899,0.5101,1.9677,-0.197112
DEN,2013,John Fox,Peyton Manning,13,11.5,11.461,Over,-105,-125,0.0678,0.4797,0.5203,1.9012,-0.305106
TB,2021,Bruce Arians,Tom Brady,13,11.5,11.4582,Over,100,-120,0.0455,0.4783,0.5217,1.5507,-0.144512
DEN,2014,John Fox,Peyton Manning,12,11.5,11.4582,Over,100,-120,0.0455,0.4783,0.5217,1.8698,-0.0856312
SF,2024,Kyle Shanahan,Brock Purdy,6,11.5,11.4546,Under,100,-122,0.0495,0.4764,0.5236,1.5689,0.0496765
CIN,2023,Zac Taylor,Joe Burrow,9,11.5,11.4376,Under,105,-125,0.0434,0.4675,0.5325,1.5454,0.0963471
KC,2024,Andy Reid,Patrick Mahomes,15,11.5,11.4233,Over,109,-128,0.0399,0.4601,0.5399,1.5524,-0.0897647
KC,2025,Andy Reid,Patrick Mahomes,6,11.5,11.4177,Under,110,-130,0.0414,0.4573,0.5427,1.5963,0.134135
PHI,2023,Nick Sirianni,Jalen Hurts,11,11.5,11.4177,Under,110,-130,0.0414,0.4573,0.5427,1.5346,-0.150647
TB,2022,Todd Bowles,Tom Brady,8,11.5,11.4177,Under,110,-130,0.0414,0.4573,0.5427,1.5826,-0.0878823
IND,2006,Tony Dungy,Peyton Manning,12,11.5,11.4177,Over,110,-130,0.0414,0.4573,0.5427,1.8851,-0.137612
GB,2011,Mike McCarthy,Aaron Rodgers,15,11.5,11.3668,Over,120,-150,0.0545,0.431,0.569,1.8451,-0.105144
SF,2013,Jim Harbaugh,Colin Kaepernick,12,11.5,11.2632,Over,150,-190,0.0552,0.3791,0.6209,1.786,-0.01715
BAL,2024,John Harbaugh,Lamar Jackson,12,11.5,11.187,Over,180,-218,0.0427,0.3425,0.6575,1.4281,0.115476
NE,2018,Bill Belichick,Tom Brady,11,11,11.0418,Push,-120,100,0.0455,0.5217,0.4783,1.6935,-0.272931
SEA,2015,Pete Carroll,Russell Wilson,10,11,11.0418,Under,-120,100,0.0455,0.5217,0.4783,1.5796,-0.1158
GB,2022,Matt LaFleur,Aaron Rodgers,8,11,11,Under,-110,-110,0.0476,0.5,0.5,1.3536,-0.0480824
SEA,2014,Pete Carroll,Russell Wilson,12,11,11,Over,-110,-110,0.0476,0.5,0.5,1.6087,0.0604125
BAL,2021,John Harbaugh,Lamar Jackson,8,11,10.9792,Under,-105,-115,0.0471,0.4892,0.5108,1.2908,0.0812353
GB,2021,Matt LaFleur,Aaron Rodgers,13,11,10.9376,Over,105,-125,0.0434,0.4675,0.5325,1.2682,0.0112118
NE,2005,Bill Belichick,Tom Brady,10,11,10.9026,Under,110,-140,0.0595,0.4494,0.5506,1.627,0.09965
LAC,2011,Norv Turner,Philip Rivers,8,11,10.8844,Under,115,-145,0.057,0.4401,0.5599,1.5704,-0.143294
NE,2013,Bill Belichick,Tom Brady,12,11,10.8276,Over,130,-165,0.0574,0.4112,0.5888,1.5324,-0.0507375
GB,2015,Mike McCarthy,Aaron Rodgers,10,11,10.8128,Under,140,-160,0.0321,0.4037,0.5963,1.4517,-0.0689313
IND,2008,Tony Dungy,Peyton Manning,12,11,10.7973,Over,145,-165,0.0308,0.396,0.604,1.7288,0.307469
NE,2014,Bill Belichick,Tom Brady,12,10.5,10.7465,Over,-180,160,0.0275,0.6257,0.3743,1.4642,-0.11945
GB,2016,Mike McCarthy,Aaron Rodgers,10,10.5,10.7177,Under,-170,150,0.0296,0.6115,0.3885,1.4534,-0.192837
IND,2015,Chuck Pagano,Matt Hasselbeck,8,10.5,10.6872,Under,-160,140,0.0321,0.5963,0.4037,1.3815,-0.215012
SF,2023,Kyle Shanahan,Brock Purdy,12,10.5,10.6546,Over,-150,130,0.0348,0.5798,0.4202,1.117,-0.198029
PIT,2017,Mike Tomlin,Ben Roethlisberger,13,10.5,10.6546,Over,-150,130,0.0348,0.5798,0.4202,1.4862,-0.0452875
PHI,2025,Nick Sirianni,Jalen Hurts,11,10.5,10.644,Over,-150,125,0.0444,0.5745,0.4255,1.1705,0.194165
SEA,2016,Pete Carroll,Russell Wilson,10,10.5,10.6375,Under,-145,125,0.0363,0.5711,0.4289,1.4076,-0.115069
PHI,2011,Andy Reid,Michael Vick,8,10.5,10.6332,Under,-150,120,0.0545,0.569,0.431,1.4273,-0.0313313
PHI,2024,Nick Sirianni,Jalen Hurts,14,10.5,10.6275,Over,-144,121,0.0427,0.566,0.434,1.1336,-0.0871294
LAC,2007,Norv Turner,Philip Rivers,11,10.5,10.6197,Over,-140,120,0.0379,0.562,0.438,1.5376,-0.0504688
DAL,2008,Wade Phillips,Tony Romo,9,10.5,10.6013,Under,-135,115,0.0396,0.5526,0.4474,1.6103,-0.0672063
LAC,2008,Norv Turner,Philip Rivers,8,10.5,10.6013,Under,-135,115,0.0396,0.5526,0.4474,1.6103,-0.244487
SEA,2013,Pete Carroll,Russell Wilson,13,10.5,10.5974,Over,-140,110,0.0595,0.5506,0.4494,1.3984,-0.0673687
BUF,2021,Sean McDermott,Josh Allen,11,10.5,10.5823,Over,-130,110,0.0414,0.5427,0.4573,1.0754,-0.0968588
KC,2019,Andy Reid,Patrick Mahomes,12,10.5,10.5823,Over,-130,110,0.0414,0.5427,0.4573,1.4825,0.0581938
SEA,2017,Pete Carroll,Russell Wilson,9,10.5,10.5823,Under,-130,110,0.0414,0.5427,0.4573,1.4444,-0.153806
NE,2015,Bill Belichick,Tom Brady,12,10.5,10.5823,Over,-130,110,0.0414,0.5427,0.4573,1.3229,0.0329125
BUF,2023,Sean McDermott,Josh Allen,11,10.5,10.5604,Over,-128,102,0.0565,0.5314,0.4686,1.0654,0.211882
IND,2010,Jim Caldwell,Peyton Manning,10,10.5,10.5588,Under,-130,100,0.0652,0.5306,0.4694,1.4853,0.0471563
NE,2016,Bill Belichick,Tom Brady,14,10.5,10.5418,Over,-120,100,0.0455,0.5217,0.4783,1.353,-0.0468875
IND,2007,Tony Dungy,Peyton Manning,13,10.5,10.5418,Over,-120,100,0.0455,0.5217,0.4783,1.4911,0.058725
SF,2020,Kyle Shanahan,Nick Mullens,6,10.5,10.539,Under,-125,-105,0.0678,0.5203,0.4797,1.3351,0.0284062
PIT,2009,Mike Tomlin,Ben Roethlisberger,9,10.5,10.539,Under,-125,-105,0.0678,0.5203,0.4797,1.4246,-0.327306
KC,2022,Andy Reid,Patrick Mahomes,14,10.5,10.5208,Over,-115,-105,0.0471,0.5108,0.4892,1.0909,0.326235
PIT,2011,Mike Tomlin,Ben Roethlisberger,12,10.5,10.5194,Over,-120,-110,0.0693,0.5101,0.4899,1.3625,-0.226819
DET,2024,Dan Campbell,Jared Goff,15,10.5,10.5085,Over,-110,-106,0.0384,0.5045,0.4955,1.071,0.0587118
LAR,2022,Sean McVay,Matthew Stafford,5,10.5,10.5,Under,-110,-110,0.0476,0.5,0.5,1.0795,0.247188
NO,2020,Sean Payton,Drew Brees,12,10.5,10.5,Over,-115,-115,0.0698,0.5,0.5,1.3127,0.0333
LAC,2010,Norv Turner,Philip Rivers,9,10.5,10.5,Under,-115,-115,0.0698,0.5,0.5,1.4507,-0.343025
TB,2003,Jon Gruden,Brad Johnson,7,10.5,10.5,Under,-115,-115,0.0698,0.5,0.5,1.261,0.0101313
PIT,2006,Bill Cowher,Ben Roethlisberger,8,10.5,10.4806,Under,-110,-120,0.0693,0.4899,0.5101,1.3364,0.0741687
GB,2013,Mike McCarthy,Aaron Rodgers,8,10.5,10.461,Under,-105,-125,0.0678,0.4797,0.5203,1.319,0.110675
NO,2010,Sean Payton,Drew Brees,11,10.5,10.4412,Over,100,-130,0.0652,0.4694,0.5306,1.4162,-0.151156
PHI,2004,Andy Reid,Donovan McNabb,13,10.5,10.4412,Over,100,-130,0.0652,0.4694,0.5306,1.3487,-0.0803375
NE,2004,Bill Belichick,Tom Brady,14,10.5,10.4412,Over,100,-130,0.0652,0.4694,0.5306,1.3487,0.0604688
SF,2025,Kyle Shanahan,Brock Purdy,12,10.5,10.4376,Over,105,-125,0.0434,0.4675,0.5325,1.0569,-0.466941
GB,2025,Matt LaFleur,Jordan Love,9,10.5,10.4376,Under,105,-125,0.0434,0.4675,0.5325,1.0569,0.0185529
LAR,2021,Sean McVay,Matthew Stafford,12,10.5,10.4376,Over,105,-125,0.0434,0.4675,0.5325,0.9969,0.0627824
BAL,2023,John Harbaugh,Lamar Jackson,13,10.5,10.4317,Over,104,-130,0.0554,0.4645,0.5355,0.995,0.0924118
PIT,2016,Mike Tomlin,Ben Roethlisberger,11,10.5,10.4177,Over,110,-130,0.0414,0.4573,0.5427,1.2822,-0.113831
SEA,2006,Mike Holmgren,Matt Hasselbeck,9,10.5,10.4177,Under,110,-130,0.0414,0.4573,0.5427,1.2996,-0.355969
BAL,2011,John Harbaugh,Joe Flacco,12,10.5,10.4026,Over,110,-140,0.0595,0.4494,0.5506,1.296,-0.154231
GB,2014,Mike McCarthy,Aaron Rodgers,12,10.5,10.3987,Over,115,-135,0.0396,0.4474,0.5526,1.266,0.0522438
CIN,2024,Zac Taylor,Joe Burrow,9,10.5,10.392,Under,116,-138,0.0428,0.444,0.556,1.0097,-0.213453
GB,2017,Mike McCarthy,Brett Hundley,7,10.5,10.3803,Under,120,-140,0.0379,0.438,0.562,1.3278,0.0218312
CAR,2016,Ron Rivera,Cam Newton,6,10.5,10.3803,Under,120,-140,0.0379,0.438,0.562,1.2609,-0.140475
IND,2004,Tony Dungy,Peyton Manning,12,10.5,10.3668,Over,120,-150,0.0545,0.431,0.569,1.3049,-0.0675437
DAL,2022,Mike McCarthy,Dak Prescott,12,10.5,10.3625,Over,125,-145,0.0363,0.4289,0.5711,1.0042,-0.0915765
LAR,2019,Sean McVay,Jared Goff,9,10.5,10.3625,Under,125,-145,0.0363,0.4289,0.5711,1.3508,-0.0412875
PIT,2018,Mike Tomlin,Ben Roethlisberger,9,10.5,10.3625,Under,125,-145,0.0363,0.4289,0.5711,1.297,-0.0151687
NE,2006,Bill Belichick,Tom Brady,12,10.5,10.3625,Over,125,-145,0.0363,0.4289,0.5711,1.2673,-0.227706
NO,2019,Sean Payton,Drew Brees,13,10.5,10.3454,Over,130,-150,0.0348,0.4202,0.5798,1.3406,-0.0308375
PHI,2018,Doug Pederson,Carson Wentz,9,10.5,10.3454,Under,130,-150,0.0348,0.4202,0.5798,1.287,0.0786187
HOU,2013,Gary Kubiak,Case Keenum,2,10.5,10.3438,Under,125,-160,0.0598,0.4194,0.5806,1.2508,-0.189619
PHI,2003,Andy Reid,Donovan McNabb,12,10.5,10.3333,Over,130,-160,0.0502,0.414,0.586,1.1647,0.170781
DAL,2024,Mike McCarthy,Cooper Rush,7,10.5,10.3238,Under,134,-161,0.0442,0.4093,0.5907,0.9738,0.0797059
SF,2014,Jim Harbaugh,Colin Kaepernick,8,10.5,10.2973,Under,145,-165,0.0308,0.396,0.604,1.2082,0.133481
BUF,2024,Sean McDermott,Josh Allen,13,10.5,10.2752,Over,149,-179,0.0432,0.385,0.615,0.9482,0.1313
HOU,2012,Gary Kubiak,Matt Schaub,12,10,10.2368,Over,-190,150,0.0552,0.6209,0.3791,1.1715,-0.176969
ARI,2016,Bruce Arians,Carson Palmer,7,10,10.2177,Under,-170,150,0.0296,0.6115,0.3885,1.1681,-0.125169
NO,2014,Sean Payton,Drew Brees,7,10,10.1872,Under,-160,140,0.0321,0.5963,0.4037,1.1455,-0.01545
PHI,2019,Doug Pederson,Carson Wentz,9,10,10.1546,Under,-150,130,0.0348,0.5798,0.4202,1.2262,-0.22665
NO,2011,Sean Payton,Drew Brees,13,10,10.1332,Over,-150,120,0.0545,0.569,0.431,1.1426,-0.0723
SF,2021,Kyle Shanahan,Jimmy Garoppolo,10,10,10.1197,Push,-140,120,0.0379,0.562,0.438,0.8245,-0.204182
MIN,2018,Mike Zimmer,Kirk Cousins,8,10,10.1197,Under,-140,120,0.0379,0.562,0.438,1.1552,0.0188813
DEN,2015,Gary Kubiak,Peyton Manning,12,10,10.1197,Over,-140,120,0.0379,0.562,0.438,1.0645,0.0354437
LAC,2009,Norv Turner,Philip Rivers,13,10,10.0974,Over,-140,110,0.0595,0.5506,0.4494,1.1639,-0.269125
LAC,2022,Brandon Staley,Justin Herbert,10,10,10.0823,Push,-130,110,0.0414,0.5427,0.4573,0.8505,0.0398706
LAR,2018,Sean McVay,Jared Goff,13,10,10.0823,Over,-130,110,0.0414,0.5427,0.4573,1.1333,0.0412312
PHI,2015,Chip Kelly,Sam Bradford,7,10,10.0823,Under,-130,110,0.0414,0.5427,0.4573,1.0435,-0.0379625
DAL,2010,Jason Garrett,Jon Kitna,6,10,10.0785,Under,-135,105,0.0623,0.5408,0.4592,1.2033,0.202519
GB,2018,Mike McCarthy,Aaron Rodgers,6,10,10.0418,Under,-120,100,0.0455,0.5217,0.4783,1.1097,-0.0973438
PIT,2012,Mike Tomlin,Ben Roethlisberger,8,10,10.039,Under,-125,-105,0.0678,0.5203,0.4797,1.059,-0.105981
CLE,2021,Kevin Stefanski,Baker Mayfield,8,10,10.0208,Under,-115,-105,0.0471,0.5108,0.4892,0.7708,-0.0950176
NYG,2009,Tom Coughlin,Eli Manning,8,10,10.0194,Under,-120,-110,0.0693,0.5101,0.4899,1.1179,0.0992437
JAX,2023,Doug Pederson,Trevor Lawrence,9,10,10,Under,-110,-110,0.0476,0.5,0.5,0.7588,-0.0230941
DEN,2022,Nathaniel Hackett,Russell Wilson,5,10,10,Under,-110,-110,0.0476,0.5,0.5,0.8054,0.0108941
SF,2022,Kyle Shanahan,Jimmy Garoppolo,13,10,10,Over,-110,-110,0.0476,0.5,0.5,0.8054,-0.0596412
IND,2021,Frank Reich,Carson Wentz,9,10,10,Under,-110,-110,0.0476,0.5,0.5,0.7595,-0.0518118
IND,2009,Jim Caldwell,Peyton Manning,14,10,10,Over,-115,-115,0.0698,0.5,0.5,1.1064,-0.0721375
DEN,2006,Mike Shanahan,Jake Plummer,9,10,10,Under,-110,-110,0.0476,0.5,0.5,1.055,0.164613
CAR,2006,John Fox,Jake Delhomme,8,10,10,Under,-110,-110,0.0476,0.5,0.5,1.055,-0.00140625
JAX,2008,Jack Del Rio,David Garrard,5,10,9.9792,Under,-105,-115,0.0471,0.4892,0.5108,1.2341,0.0854125
ATL,2011,Mike Smith,Matt Ryan,10,10,9.961,Push,-105,-125,0.0678,0.4797,0.5203,1.0445,-0.0725937
BAL,2010,John Harbaugh,Joe Flacco,12,10,9.961,Over,-105,-125,0.0678,0.4797,0.5203,1.1343,-0.118538
ATL,2013,Mike Smith,Matt Ryan,4,10,9.9412,Under,100,-130,0.0652,0.4694,0.5306,1.0163,0.0872125
KC,2004,Dick Vermeil,Trent Green,7,10,9.9412,Under,100,-130,0.0652,0.4694,0.5306,1.0543,-0.0428625
SEA,2021,Pete Carroll,Russell Wilson,7,10,9.9376,Under,105,-125,0.0434,0.4675,0.5325,0.7257,-0.00553528
NYJ,2011,Rex Ryan,Mark Sanchez,8,10,9.9215,Under,105,-135,0.0623,0.4592,0.5408,1.022,0.051025
BAL,2005,Brian Billick,Kyle Boller,6,10,9.9215,Under,105,-135,0.0623,0.4592,0.5408,1.0487,-0.0629062
SF,2012,Jim Harbaugh,Alex Smith,11,10,9.9026,Over,110,-140,0.0595,0.4494,0.5506,0.9814,-0.00265
PHI,2012,Andy Reid,Michael Vick,4,10,9.9026,Under,110,-140,0.0595,0.4494,0.5506,0.9814,-0.0516937
CHI,2007,Lovie Smith,Rex Grossman,7,10,9.8987,Under,115,-135,0.0396,0.4474,0.5526,1.1073,-0.178519
LAC,2019,Anthony Lynn,Philip Rivers,5,10,9.8803,Under,120,-140,0.0379,0.438,0.562,1.0619,-0.112412
GB,2003,Mike Sherman,Brett Favre,10,10,9.8333,Push,130,-160,0.0502,0.414,0.586,0.8761,-0.0417313
BAL,2012,John Harbaugh,Joe Flacco,10,10,9.7632,Push,150,-190,0.0552,0.3791,0.6209,0.9021,0.154588
DAL,2023,Mike McCarthy,Dak Prescott,12,9.5,9.708,Over,-170,145,0.0378,0.6067,0.3933,0.599,-0.0377471
MIA,2024,Mike McDaniel,Tua Tagovailoa,8,9.5,9.693,Under,-167,139,0.0439,0.5992,0.4008,0.6418,-0.0890353
NYJ,2024,Robert Saleh,Aaron Rodgers,5,9.5,9.675,Under,-160,134,0.0427,0.5902,0.4098,0.6324,-0.236794
GB,2010,Mike McCarthy,Aaron Rodgers,10,9.5,9.6667,Over,-160,130,0.0502,0.586,0.414,0.9615,0.0982687
IND,2022,Frank Reich,Matt Ryan,4,9.5,9.6375,Under,-145,125,0.0363,0.5711,0.4289,0.6067,-0.186871
BAL,2022,John Harbaugh,Lamar Jackson,10,9.5,9.6375,Over,-145,125,0.0363,0.5711,0.4289,0.6067,-0.106671
PIT,2005,Bill Cowher,Ben Roethlisberger,11,9.5,9.6332,Over,-150,120,0.0545,0.569,0.431,0.8787,0.0071625
PIT,2003,Bill Cowher,Tommy Maddox,6,9.5,9.6332,Under,-150,120,0.0545,0.569,0.431,0.7606,-0.110281
OAK,2003,Bill Callahan,Rick Mirer,4,9.5,9.6332,Under,-150,120,0.0545,0.569,0.431,0.7606,0.0737125
ATL,2024,Raheem Morris,Kirk Cousins,8,9.5,9.6275,Under,-144,121,0.0427,0.566,0.434,0.6074,-0.460171
LAR,2025,Sean McVay,Matthew Stafford,12,9.5,9.6267,Over,-145,120,0.0464,0.5656,0.4344,0.6106,0.0363588
PHI,2022,Nick Sirianni,Jalen Hurts,14,9.5,9.6197,Over,-140,120,0.0379,0.562,0.438,0.597,-0.269618
NO,2018,Sean Payton,Drew Brees,13,9.5,9.6197,Over,-140,120,0.0379,0.562,0.438,0.8633,0.125794
KC,2016,Andy Reid,Alex Smith,12,9.5,9.6197,Over,-140,120,0.0379,0.562,0.438,0.8269,0.0186313
PHI,2009,Andy Reid,Donovan McNabb,11,9.5,9.6156,Over,-145,115,0.057,0.5599,0.4401,0.8795,0.0449563
MIA,2003,Dave Wannstedt,Jay Fiedler,10,9.5,9.6156,Over,-145,115,0.057,0.5599,0.4401,0.7505,-0.0205562
DEN,2025,Sean Payton,Bo Nix,14,9.5,9.6087,Over,-140,115,0.0484,0.5564,0.4436,0.6007,0.0184823
NYJ,2023,Robert Saleh,Zach Wilson,7,9.5,9.6013,Under,-135,115,0.0396,0.5526,0.4474,0.5406,0.161194
DET,2023,Dan Campbell,Jared Goff,12,9.5,9.6013,Over,-135,115,0.0396,0.5526,0.4474,0.5406,-0.0324941
CIN,2022,Zac Taylor,Joe Burrow,12,9.5,9.6013,Over,-135,115,0.0396,0.5526,0.4474,0.5869,0.0206562
TB,2020,Bruce Arians,Tom Brady,11,9.5,9.5974,Over,-140,110,0.0595,0.5506,0.4494,0.7928,-0.0880187
DAL,2020,Mike McCarthy,Andy Dalton,6,9.5,9.5889,Under,-115,125,-0.0207,0.5462,0.4538,0.7879,-0.0558813
LAC,2023,Brandon Staley,Justin Herbert,5,9.5,9.5823,Under,-130,110,0.0414,0.5427,0.4573,0.5302,0.2042
LAC,2018,Anthony Lynn,Philip Rivers,12,9.5,9.5823,Over,-130,110,0.0414,0.5427,0.4573,0.8414,-0.252881
IND,2011,Jim Caldwell,Curtis Painter,2,9.5,9.5785,Under,-135,105,0.0623,0.5408,0.4592,0.8267,-0.0465188
TEN,2003,Jeff Fisher,Steve McNair,12,9.5,9.5785,Over,-135,105,0.0623,0.5408,0.4592,0.729,-0.04985
GB,2024,Matt LaFleur,Jordan Love,11,9.5,9.5744,Over,-128,108,0.0422,0.5387,0.4613,0.5794,0.0821235
DET,2025,Dan Campbell,Jared Goff,9,9.5,9.5624,Under,-125,105,0.0434,0.5325,0.4675,0.5752,0.262553
MIN,2009,Brad Childress,Brett Favre,12,9.5,9.5624,Over,-125,105,0.0434,0.5325,0.4675,0.8481,-0.189281
TEN,2004,Jeff Fisher,Billy Volek,5,9.5,9.5588,Under,-130,100,0.0652,0.5306,0.4694,0.8291,-0.0993375
LAR,2003,Mike Martz,Marc Bulger,12,9.5,9.5588,Over,-130,100,0.0652,0.5306,0.4694,0.7177,-0.303975
HOU,2024,DeMeco Ryans,C.J. Stroud,10,9.5,9.5525,Over,-122,103,0.0422,0.5273,0.4727,0.5679,0.156324
TB,2025,Todd Bowles,Baker Mayfield,8,9.5,9.5418,Under,-120,100,0.0455,0.5217,0.4783,0.5638,-0.1867
ATL,2018,Dan Quinn,Matt Ryan,7,9.5,9.5418,Under,-120,100,0.0455,0.5217,0.4783,0.8178,-0.0173125
PHI,2020,Doug Pederson,Carson Wentz,4,9.5,9.539,Under,-125,-105,0.0678,0.5203,0.4797,0.7592,0.0563812
NO,2012,Joe Vitt,Drew Brees,7,9.5,9.539,Under,-125,-105,0.0678,0.5203,0.4797,0.7746,0.0988375
NYJ,2010,Rex Ryan,Mark Sanchez,11,9.5,9.539,Over,-125,-105,0.0678,0.5203,0.4797,0.8865,-0.0878938
NE,2010,Bill Belichick,Tom Brady,14,9.5,9.5194,Over,-120,-110,0.0693,0.5101,0.4899,0.875,0.115369
DEN,2003,Mike Shanahan,Jake Plummer,10,9.5,9.5194,Over,-120,-110,0.0693,0.5101,0.4899,0.695,0.0309812
WAS,2025,Dan Quinn,Jayden Daniels,5,9.5,9.5,Under,-110,-110,0.0476,0.5,0.5,0.5409,0.00995294
MIA,2023,Mike McDaniel,Tua Tagovailoa,11,9.5,9.5,Over,-110,-110,0.0476,0.5,0.5,0.4852,0.202029
PIT,2019,Mike Tomlin,Mason Rudolph,8,9.5,9.5,Under,-110,-110,0.0476,0.5,0.5,0.834,-0.106619
ATL,2017,Dan Quinn,Matt Ryan,10,9.5,9.5,Over,-110,-110,0.0476,0.5,0.5,0.8193,0.0999063
ATL,2010,Mike Smith,Matt Ryan,13,9.5,9.5,Over,-115,-115,0.0698,0.5,0.5,0.8636,-0.13675
DAL,2006,Bill Parcells,Tony Romo,9,9.5,9.5,Under,-110,-110,0.0476,0.5,0.5,0.7623,0.0385938
ATL,2003,Dan Reeves,Doug Johnson,5,9.5,9.5,Under,-115,-115,0.0698,0.5,0.5,0.6837,0.0245688
MIN,2010,Brad Childress,Brett Favre,6,9.5,9.4806,Under,-110,-120,0.0693,0.4899,0.5101,0.8522,0.095
CIN,2025,Zac Taylor,Joe Burrow,6,9.5,9.4792,Under,-105,-115,0.0471,0.4892,0.5108,0.5294,0.0711588
LAC,2025,Jim Harbaugh,Justin Herbert,11,9.5,9.4792,Over,-105,-115,0.0471,0.4892,0.5108,0.5294,-0.000882356
DEN,2007,Mike Shanahan,Jay Cutler,7,9.5,9.4792,Under,-105,-115,0.0471,0.4892,0.5108,0.857,-0.178787
CHI,2012,Lovie Smith,Jay Cutler,10,9.5,9.461,Over,-105,-125,0.0678,0.4797,0.5203,0.7302,-0.0938687
OAK,2017,Jack Del Rio,Derek Carr,6,9.5,9.4582,Under,100,-120,0.0455,0.4783,0.5217,0.7952,0.0377375
CIN,2016,Marvin Lewis,Andy Dalton,6,9.5,9.4582,Under,100,-120,0.0455,0.4783,0.5217,0.7347,-0.0672437
HOU,2025,DeMeco Ryans,C.J. Stroud,12,9.5,9.4177,Over,110,-130,0.0414,0.4573,0.5427,0.4956,0.185371
CLE,2022,Kevin Stefanski,Jacoby Brissett,7,9.5,9.4177,Under,110,-130,0.0414,0.4573,0.5427,0.4862,-0.133606
TEN,2021,Mike Vrabel,Ryan Tannehill,12,9.5,9.4177,Over,110,-130,0.0414,0.4573,0.5427,0.4436,-0.0126
DAL,2021,Mike McCarthy,Dak Prescott,12,9.5,9.4177,Over,110,-130,0.0414,0.4573,0.5427,0.4436,-0.160647
DAL,2015,Jason Garrett,Matt Cassel,4,9.5,9.4177,Under,110,-130,0.0414,0.4573,0.5427,0.6723,0.187525
IND,2014,Chuck Pagano,Andrew Luck,11,9.5,9.4177,Over,110,-130,0.0414,0.4573,0.5427,0.707,-0.139531
KC,2006,Herm Edwards,Damon Huard,9,9.5,9.4177,Under,110,-130,0.0414,0.4573,0.5427,0.7141,0.0695937
PIT,2020,Mike Tomlin,Ben Roethlisberger,12,9.5,9.4026,Over,110,-140,0.0595,0.4494,0.5506,0.6806,-0.110594
ATL,2005,Jim Mora,Michael Vick,8,9.5,9.4026,Under,110,-140,0.0595,0.4494,0.5506,0.7428,0.111244
MIA,2004,Dave Wannstedt,A.J. Feeley,4,9.5,9.4026,Under,110,-140,0.0595,0.4494,0.5506,0.7371,0.0725375
LAR,2004,Mike Martz,Marc Bulger,8,9.5,9.4026,Under,110,-140,0.0595,0.4494,0.5506,0.7371,-0.0471062
MIN,2025,Kevin O'Connell,J.J. McCarthy,9,9.5,9.3913,Under,115,-140,0.0484,0.4436,0.5564,0.481,0.110471
GB,2004,Mike Sherman,Brett Favre,10,9.5,9.3844,Over,115,-145,0.057,0.4401,0.5599,0.7264,-0.0263312
SF,2003,Dennis Erickson,Jeff Garcia,7,9.5,9.3844,Under,115,-145,0.057,0.4401,0.5599,0.617,-0.193338
NO,2023,Dennis Allen,Derek Carr,9,9.5,9.3803,Under,120,-140,0.0379,0.438,0.562,0.4196,-0.525218
TEN,2022,Mike Vrabel,Ryan Tannehill,7,9.5,9.3803,Under,120,-140,0.0379,0.438,0.562,0.4657,0.0584353
NO,2021,Sean Payton,Jameis Winston,9,9.5,9.3803,Under,120,-140,0.0379,0.438,0.562,0.4233,0.0652941
DAL,2017,Jason Garrett,Dak Prescott,9,9.5,9.3803,Under,120,-140,0.0379,0.438,0.562,0.7501,0.172119
CLE,2023,Kevin Stefanski,Deshaun Watson,11,9.5,9.3625,Over,125,-145,0.0363,0.4289,0.5711,0.4099,0.0647059
DEN,2016,Gary Kubiak,Trevor Siemian,9,9.5,9.3454,Under,130,-150,0.0348,0.4202,0.5798,0.6704,0.102388
NYG,2011,Tom Coughlin,Eli Manning,9,9.5,9.3333,Under,130,-160,0.0502,0.414,0.586,0.687,0.175313
MIA,2015,Joe Philbin,Ryan Tannehill,6,9,9.1872,Under,-160,140,0.0321,0.5963,0.4037,0.5435,0.0844938
CHI,2006,Lovie Smith,Rex Grossman,13,9,9.1872,Over,-160,140,0.0321,0.5963,0.4037,0.5791,-0.341538
PHI,2014,Chip Kelly,Mark Sanchez,10,9,9.1546,Over,-150,130,0.0348,0.5798,0.4202,0.557,-0.048925
NO,2013,Sean Payton,Drew Brees,11,9,9.1332,Over,-150,120,0.0545,0.569,0.431,0.5459,0.096275
GB,2019,Matt LaFleur,Aaron Rodgers,13,9,9.1197,Over,-140,120,0.0379,0.562,0.438,0.6061,0.0157
CHI,2019,Matt Nagy,Mitch Trubisky,8,9,9.1197,Under,-140,120,0.0379,0.562,0.438,0.6061,0.18445
BAL,2015,John Harbaugh,Joe Flacco,5,9,9.1197,Under,-140,120,0.0379,0.562,0.438,0.5058,-0.153969
PHI,2007,Andy Reid,Donovan McNabb,8,9,9.1197,Under,-140,120,0.0379,0.562,0.438,0.6425,0.00478124
BAL,2007,Brian Billick,Kyle Boller,5,9,9.1197,Under,-140,120,0.0379,0.562,0.438,0.6425,0.119662
WAS,2006,Joe Gibbs,Mark Brunell,5,9,9.1197,Under,-140,120,0.0379,0.562,0.438,0.5396,0.0723438
HOU,2011,Gary Kubiak,Matt Schaub,10,9,9.1156,Over,-145,115,0.057,0.5599,0.4401,0.5631,-0.197044
MIN,2022,Kevin O'Connell,Kirk Cousins,13,9,9.1013,Over,-135,115,0.0396,0.5526,0.4474,0.3128,-0.0737471
MIA,2021,Brian Flores,Tua Tagovailoa,9,9,9.1013,Push,-135,115,0.0396,0.5526,0.4474,0.2719,-0.101947
MIA,2006,Nick Saban,Joey Harrington,6,9,9.1013,Under,-135,115,0.0396,0.5526,0.4474,0.5289,-0.101775
BUF,2020,Sean McDermott,Josh Allen,13,9,9.0974,Over,-140,110,0.0595,0.5506,0.4494,0.5049,0.0460125
SEA,2020,Pete Carroll,Russell Wilson,12,9,9.0974,Over,-140,110,0.0595,0.5506,0.4494,0.5049,0.0235063
NYG,2012,Tom Coughlin,Eli Manning,9,9,9.0974,Push,-140,110,0.0595,0.5506,0.4494,0.5234,0.215363
JAX,2018,Doug Marrone,Blake Bortles,5,9,9.0823,Under,-130,110,0.0414,0.5427,0.4573,0.5495,-0.0559375
NYG,2017,Ben McAdoo,Eli Manning,3,9,9.0823,Under,-130,110,0.0414,0.5427,0.4573,0.578,0.0507187
PIT,2008,Mike Tomlin,Ben Roethlisberger,12,9,9.0823,Over,-130,110,0.0414,0.5427,0.4573,0.6917,0.368044
CIN,2007,Marvin Lewis,Carson Palmer,7,9,9.0823,Under,-130,110,0.0414,0.5427,0.4573,0.6201,-0.129888
ATL,2012,Mike Smith,Matt Ryan,13,9,9.0785,Over,-135,105,0.0623,0.5408,0.4592,0.5126,-0.0782187
MIN,2005,Mike Tice,Brad Johnson,9,9,9.0785,Push,-135,105,0.0623,0.5408,0.4592,0.5517,-0.161525
NE,2021,Bill Belichick,Mac Jones,10,9,9.0624,Over,-125,105,0.0434,0.5325,0.4675,0.2508,-0.0197294
MIN,2019,Mike Zimmer,Kirk Cousins,10,9,9.0624,Over,-125,105,0.0434,0.5325,0.4675,0.5718,0.0715187
DAL,2007,Wade Phillips,Tony Romo,13,9,9.0624,Over,-125,105,0.0434,0.5325,0.4675,0.6083,-0.04845
GB,2009,Mike McCarthy,Aaron Rodgers,11,9,9.0588,Over,-130,100,0.0652,0.5306,0.4694,0.5508,-0.265806
CAR,2005,John Fox,Jake Delhomme,11,9,9.0588,Over,-130,100,0.0652,0.5306,0.4694,0.5401,-0.0546688
TB,2004,Jon Gruden,Brian Griese,5,9,9.0588,Under,-130,100,0.0652,0.5306,0.4694,0.5347,-0.191637
KC,2003,Dick Vermeil,Trent Green,13,9,9.0588,Over,-130,100,0.0652,0.5306,0.4694,0.4291,-0.0638188
CAR,2017,Ron Rivera,Cam Newton,11,9,9.0418,Over,-120,100,0.0455,0.5217,0.4783,0.5546,-0.100325
KC,2017,Andy Reid,Alex Smith,10,9,9.0418,Over,-120,100,0.0455,0.5217,0.4783,0.5546,0.131625
IND,2020,Frank Reich,Philip Rivers,11,9,9.039,Over,-125,-105,0.0678,0.5203,0.4797,0.4712,-0.288087
GB,2020,Matt LaFleur,Aaron Rodgers,13,9,9.039,Over,-125,-105,0.0678,0.5203,0.4797,0.4712,-0.0371937
DAL,2009,Wade Phillips,Tony Romo,11,9,9.039,Over,-125,-105,0.0678,0.5203,0.4797,0.5391,0.124694
NYJ,2005,Herm Edwards,Brooks Bollinger,4,9,9.039,Under,-125,-105,0.0678,0.5203,0.4797,0.5284,0.137787
PIT,2023,Mike Tomlin,Kenny Pickett,10,9,9.0208,Over,-115,-105,0.0471,0.5108,0.4892,0.2229,-0.0246118
NO,2009,Sean Payton,Drew Brees,13,9,9.0194,Over,-120,-110,0.0693,0.5101,0.4899,0.5275,-0.121819
DAL,2019,Jason Garrett,Dak Prescott,8,9,9,Under,-110,-110,0.0476,0.5,0.5,0.5344,-0.0229563
TEN,2017,Mike Mularkey,Marcus Mariota,9,9,9,Push,-110,-110,0.0476,0.5,0.5,0.5304,-0.176413
CIN,2014,Marvin Lewis,Andy Dalton,10,9,9,Over,-110,-110,0.0476,0.5,0.5,0.4689,0.0449313
PIT,2013,Mike Tomlin,Ben Roethlisberger,8,9,9,Under,-115,-115,0.0698,0.5,0.5,0.4684,-0.236556
SF,2010,Mike Singletary,Alex Smith,6,9,9,Under,-115,-115,0.0698,0.5,0.5,0.57,-0.343481
NO,2007,Sean Payton,Drew Brees,7,9,9,Under,-110,-110,0.0476,0.5,0.5,0.571,0.036475
KC,2005,Dick Vermeil,Trent Green,10,9,9,Over,-115,-115,0.0698,0.5,0.5,0.5054,0.036975
DAL,2004,Bill Parcells,Vinny Testaverde,6,9,9,Under,-115,-115,0.0698,0.5,0.5,0.5,-0.0258687
DEN,2004,Mike Shanahan,Jake Plummer,10,9,9,Over,-115,-115,0.0698,0.5,0.5,0.5,-0.0648437
NYJ,2003,Herm Edwards,Chad Pennington,6,9,9,Under,-115,-115,0.0698,0.5,0.5,0.3951,0.1405
NYG,2010,Tom Coughlin,Eli Manning,10,9,8.9806,Over,-110,-120,0.0693,0.4899,0.5101,0.5586,0.127087
ATL,2004,Jim Mora,Michael Vick,11,9,8.9806,Over,-110,-120,0.0693,0.4899,0.5101,0.4886,-0.291238
SEA,2023,Pete Carroll,Geno Smith,9,9,8.9792,Push,-105,-115,0.0471,0.4892,0.5108,0.2002,-0.104312
CIN,2006,Marvin Lewis,Carson Palmer,8,9,8.9792,Under,-105,-115,0.0471,0.4892,0.5108,0.4574,0.321675
MIN,2020,Mike Zimmer,Kirk Cousins,7,9,8.961,Under,-105,-125,0.0678,0.4797,0.5203,0.4263,-0.081675
TEN,2009,Jeff Fisher,Vince Young,8,9,8.961,Under,-105,-125,0.0678,0.4797,0.5203,0.493,0.210487
SEA,2019,Pete Carroll,Russell Wilson,11,9,8.9582,Over,100,-120,0.0455,0.4783,0.5217,0.5094,0.104981
CLE,2019,Freddie Kitchens,Baker Mayfield,6,9,8.9582,Under,100,-120,0.0455,0.4783,0.5217,0.5094,-0.156588
JAX,2007,Jack Del Rio,David Garrard,11,9,8.9582,Over,100,-120,0.0455,0.4783,0.5217,0.5461,-0.0365438
NE,2020,Bill Belichick,Cam Newton,7,9,8.9412,Under,100,-130,0.0652,0.4694,0.5306,0.4149,0.0946625
SEA,2005,Mike Holmgren,Matt Hasselbeck,13,9,8.9412,Over,100,-130,0.0652,0.4694,0.5306,0.4707,-0.2226
WAS,2004,Joe Gibbs,Mark Brunell,6,9,8.9412,Under,100,-130,0.0652,0.4694,0.5306,0.4654,-0.107062
BAL,2004,Brian Billick,Kyle Boller,9,9,8.9412,Push,100,-130,0.0652,0.4694,0.5306,0.4654,0.190675
SEA,2004,Mike Holmgren,Matt Hasselbeck,9,9,8.9412,Push,100,-130,0.0652,0.4694,0.5306,0.4654,-0.0951562
PIT,2021,Mike Tomlin,Ben Roethlisberger,9,9,8.9376,Push,105,-125,0.0434,0.4675,0.5325,0.1831,0.224282
LAC,2021,Brandon Staley,Justin Herbert,9,9,8.9376,Push,105,-125,0.0434,0.4675,0.5325,0.1831,-0.0355471
DET,2012,Jim Schwartz,Matthew Stafford,4,9,8.9215,Under,105,-135,0.0623,0.4592,0.5408,0.4233,0.0408125
JAX,2006,Jack Del Rio,David Garrard,8,9,8.9177,Under,110,-130,0.0414,0.4573,0.5427,0.4214,0.0789813
DAL,2011,Jason Garrett,Tony Romo,8,9,8.9026,Under,110,-140,0.0595,0.4494,0.5506,0.4418,0.00957499
PIT,2007,Mike Tomlin,Ben Roethlisberger,10,9,8.8987,Over,115,-135,0.0396,0.4474,0.5526,0.5105,0.0345625
NYG,2006,Tom Coughlin,Eli Manning,8,9,8.8987,Under,115,-135,0.0396,0.4474,0.5526,0.4102,0.258506
ARI,2022,Kliff Kingsbury,Kyler Murray,4,9,8.8803,Under,120,-140,0.0379,0.438,0.562,0.1916,0.168518
IND,2016,Chuck Pagano,Andrew Luck,8,9,8.8803,Under,120,-140,0.0379,0.438,0.562,0.4049,0.010025
CAR,2007,John Fox,Vinny Testaverde,7,9,8.8803,Under,120,-140,0.0379,0.438,0.562,0.4996,-0.0519688
SEA,2007,Mike Holmgren,Matt Hasselbeck,10,9,8.8803,Over,120,-140,0.0379,0.438,0.562,0.4996,-0.00566874
NYJ,2004,Herm Edwards,Chad Pennington,10,9,8.8668,Over,120,-150,0.0545,0.431,0.569,0.4216,-0.171981
LAC,2006,Marty Schottenheimer,Philip Rivers,14,9,8.8454,Over,130,-150,0.0348,0.4202,0.5798,0.379,-0.104394
NYG,2013,Tom Coughlin,Eli Manning,7,9,8.8276,Under,130,-165,0.0574,0.4112,0.5888,0.368,0.030125
LAC,2012,Norv Turner,Philip Rivers,7,9,8.8276,Under,130,-165,0.0574,0.4112,0.5888,0.3699,-0.104969
CHI,2024,Matt Eberflus,Caleb Williams,5,8.5,8.7372,Under,-184,153,0.0431,0.6211,0.3789,0.1388,-0.231271
CLE,2024,Kevin Stefanski,Jameis Winston,3,8.5,8.7219,Under,-178,148,0.0435,0.6136,0.3864,0.1308,0.191306
PHI,2008,Andy Reid,Donovan McNabb,9,8.5,8.7177,Over,-170,150,0.0296,0.6115,0.3885,0.4713,-0.0630813
ARI,2017,Bruce Arians,Carson Palmer,8,8.5,8.6872,Under,-160,140,0.0321,0.5963,0.4037,0.3497,-0.159881
CIN,2013,Marvin Lewis,Andy Dalton,11,8.5,8.6839,Over,-170,133,0.0588,0.5947,0.4053,0.2843,-0.0639375
DEN,2012,John Fox,Peyton Manning,13,8.5,8.6839,Over,-170,133,0.0588,0.5947,0.4053,0.2882,0.1462
LAR,2024,Sean McVay,Matthew Stafford,10,8.5,8.6718,Over,-159,133,0.0431,0.5885,0.4115,0.1044,0.0544176
NO,2008,Sean Payton,Drew Brees,8,8.5,8.6711,Under,-155,135,0.0334,0.5882,0.4118,0.4432,-0.437294
CHI,2009,Lovie Smith,Jay Cutler,7,8.5,8.6667,Under,-160,130,0.0502,0.586,0.414,0.3193,-0.13695
NE,2003,Bill Belichick,Tom Brady,14,8.5,8.6667,Over,-160,130,0.0502,0.586,0.414,0.2027,0.117444
DAL,2012,Jason Garrett,Tony Romo,8,8.5,8.6562,Under,-160,125,0.0598,0.5806,0.4194,0.2724,0.082525
KC,2015,Andy Reid,Alex Smith,11,8.5,8.6546,Over,-150,130,0.0348,0.5798,0.4202,0.246,-0.018175
CHI,2014,Marc Trestman,Jay Cutler,5,8.5,8.6546,Under,-150,130,0.0348,0.5798,0.4202,0.2721,0.0953063
SEA,2008,Mike Holmgren,Seneca Wallace,4,8.5,8.6546,Under,-150,130,0.0348,0.5798,0.4202,0.4331,-0.0626938
CHI,2013,Marc Trestman,Jay Cutler,8,8.5,8.6332,Under,-150,120,0.0545,0.569,0.431,0.2548,0.0780687
BAL,2009,John Harbaugh,Joe Flacco,9,8.5,8.6332,Over,-150,120,0.0545,0.569,0.431,0.2995,0.0191688
MIN,2023,Kevin O'Connell,Kirk Cousins,7,8.5,8.6197,Under,-140,120,0.0379,0.562,0.438,0.0035,0.172035
ATL,2019,Dan Quinn,Matt Ryan,7,8.5,8.6197,Under,-140,120,0.0379,0.562,0.438,0.3065,0.139519
HOU,2018,Bill O'Brien,Deshaun Watson,11,8.5,8.6197,Over,-140,120,0.0379,0.562,0.438,0.2795,-0.225619
PIT,2014,Mike Tomlin,Ben Roethlisberger,11,8.5,8.6197,Over,-140,120,0.0379,0.562,0.438,0.2522,-0.191156
NYG,2008,Tom Coughlin,Eli Manning,12,8.5,8.6197,Over,-140,120,0.0379,0.562,0.438,0.4121,0.0768
NYG,2003,Jim Fassel,Kerry Collins,4,8.5,8.6156,Under,-145,115,0.057,0.5599,0.4401,0.1732,0.236994
LAC,2024,Jim Harbaugh,Justin Herbert,11,8.5,8.611,Over,-137,118,0.0368,0.5576,0.4424,0.0724,-0.339435
ARI,2025,Jonathan Gannon,Jacoby Brissett,3,8.5,8.6087,Under,-140,115,0.0484,0.5564,0.4436,0.0503,-0.0399647
MIA,2022,Mike McDaniel,Tua Tagovailoa,9,8.5,8.6013,Over,-135,115,0.0396,0.5526,0.4474,0.0387,0.00327648
PHI,2006,Andy Reid,Donovan McNabb,10,8.5,8.6013,Over,-135,115,0.0396,0.5526,0.4474,0.2361,-0.0292938
DEN,2005,Mike Shanahan,Jake Plummer,13,8.5,8.5974,Over,-140,110,0.0595,0.5506,0.4494,0.2681,0.17645
MIN,2004,Mike Tice,Daunte Culpepper,8,8.5,8.5974,Under,-140,110,0.0595,0.5506,0.4494,0.2629,-0.0200125
ATL,2023,Arthur Smith,Desmond Ridder,7,8.5,8.5823,Under,-130,110,0.0414,0.5427,0.4573,-0.017,-0.500047
NE,2022,Bill Belichick,Mac Jones,8,8.5,8.5823,Under,-130,110,0.0414,0.5427,0.4573,0.0282,0.0870529
OAK,2022,Josh McDaniels,Derek Carr,6,8.5,8.5823,Under,-130,110,0.0414,0.5427,0.4573,0.0282,0.179588
MIN,2017,Mike Zimmer,Case Keenum,13,8.5,8.5823,Over,-130,110,0.0414,0.5427,0.4573,0.2891,-0.092725
NO,2015,Sean Payton,Drew Brees,7,8.5,8.5823,Under,-130,110,0.0414,0.5427,0.4573,0.2056,-0.173825
CLE,2020,Kevin Stefanski,Baker Mayfield,11,8.5,8.5785,Over,-135,105,0.0623,0.5408,0.4592,0.206,-0.127494
PIT,2025,Mike Tomlin,Aaron Rodgers,10,8.5,8.5624,Over,-125,105,0.0434,0.5325,0.4675,0.0249,0.116765
BUF,2003,Gregg Williams,Drew Bledsoe,6,8.5,8.5588,Under,-130,100,0.0652,0.5306,0.4694,0.1405,0.00461876
BAL,2018,John Harbaugh,Joe Flacco,10,8.5,8.5418,Over,-120,100,0.0455,0.5217,0.4783,0.234,-0.128362
PHI,2017,Doug Pederson,Carson Wentz,13,8.5,8.5418,Over,-120,100,0.0455,0.5217,0.4783,0.2657,0.037675
TB,2017,Dirk Koetter,Jameis Winston,5,8.5,8.5418,Under,-120,100,0.0455,0.5217,0.4783,0.2657,0.0899312
HOU,2016,Bill O'Brien,Brock Osweiler,9,8.5,8.5418,Over,-120,100,0.0455,0.5217,0.4783,0.2118,0.0983563
BAL,2014,John Harbaugh,Joe Flacco,10,8.5,8.5418,Over,-120,100,0.0455,0.5217,0.4783,0.2078,-0.147569
TEN,2020,Mike Vrabel,Ryan Tannehill,11,8.5,8.539,Over,-125,-105,0.0678,0.5203,0.4797,0.1833,-0.175875
MIA,2010,Tony Sparano,Chad Henne,7,8.5,8.539,Under,-125,-105,0.0678,0.5203,0.4797,0.2994,-0.0646687
DEN,2023,Sean Payton,Russell Wilson,8,8.5,8.5208,Under,-115,-105,0.0471,0.5108,0.4892,-0.0507,0.100841
MIN,2021,Mike Zimmer,Kirk Cousins,8,8.5,8.5208,Under,-115,-105,0.0471,0.5108,0.4892,-0.0431,0.0483882
HOU,2019,Bill O'Brien,Deshaun Watson,10,8.5,8.5208,Over,-115,-105,0.0471,0.5108,0.4892,0.2473,0.143519
NE,2025,Mike Vrabel,Drake Maye,14,8.5,8.5,Over,-110,-110,0.0476,0.5,0.5,-0.0095,-0.361606
BAL,2016,John Harbaugh,Joe Flacco,8,8.5,8.5,Under,-110,-110,0.0476,0.5,0.5,0.1879,-0.0639812
OAK,2016,Jack Del Rio,Derek Carr,12,8.5,8.5,Over,-110,-110,0.0476,0.5,0.5,0.1879,0.0323625
PIT,2015,Mike Tomlin,Ben Roethlisberger,10,8.5,8.5,Over,-110,-110,0.0476,0.5,0.5,0.1596,0.117675
ATL,2015,Dan Quinn,Matt Ryan,8,8.5,8.5,Under,-110,-110,0.0476,0.5,0.5,0.1596,-0.2485
DAL,2013,Jason Garrett,Tony Romo,8,8.5,8.5,Under,-115,-115,0.0698,0.5,0.5,0.1773,-0.00215624
HOU,2010,Gary Kubiak,Matt Schaub,6,8.5,8.5,Under,-115,-115,0.0698,0.5,0.5,0.2765,0.267363
JAX,2005,Jack Del Rio,Byron Leftwich,12,8.5,8.5,Over,-115,-115,0.0698,0.5,0.5,0.2107,-0.0263062
IND,2003,Tony Dungy,Peyton Manning,12,8.5,8.5,Over,-115,-115,0.0698,0.5,0.5,0.1065,-0.0191437
JAX,2024,Doug Pederson,Trevor Lawrence,4,8.5,8.4874,Under,-106,-112,0.0429,0.4934,0.5066,0.0074,0.0042
IND,2013,Chuck Pagano,Andrew Luck,11,8.5,8.4806,Over,-110,-120,0.0693,0.4899,0.5101,0.1659,-0.154344
BAL,2013,John Harbaugh,Joe Flacco,8,8.5,8.4806,Under,-110,-120,0.0693,0.4899,0.5101,0.1659,0.16765
PIT,2010,Mike Tomlin,Ben Roethlisberger,12,8.5,8.4806,Over,-110,-120,0.0693,0.4899,0.5101,0.2651,-0.06005
ARI,2009,Ken Whisenhunt,Kurt Warner,10,8.5,8.4806,Over,-110,-120,0.0693,0.4899,0.5101,0.2094,-0.125731
LAR,2020,Sean McVay,Jared Goff,10,8.5,8.461,Over,-105,-125,0.0678,0.4797,0.5203,0.1383,0.120113
SEA,2025,Mike Macdonald,Sam Darnold,14,8.5,8.4582,Over,100,-120,0.0455,0.4783,0.5217,-0.0325,-0.0276765
HOU,2017,Bill O'Brien,Tom Savage,4,8.5,8.4582,Under,100,-120,0.0455,0.4783,0.5217,0.2175,0.04175
NYG,2016,Ben McAdoo,Eli Manning,11,8.5,8.4582,Over,100,-120,0.0455,0.4783,0.5217,0.1641,-0.185194
HOU,2015,Bill O'Brien,Brian Hoyer,9,8.5,8.4582,Over,100,-120,0.0455,0.4783,0.5217,0.1363,-0.111975
CIN,2015,Marvin Lewis,Andy Dalton,12,8.5,8.4582,Over,100,-120,0.0455,0.4783,0.5217,0.1363,-0.0353437
MIN,2008,Brad Childress,Gus Frerotte,10,8.5,8.4582,Over,100,-120,0.0455,0.4783,0.5217,0.3144,-0.00253124
CAR,2004,John Fox,Jake Delhomme,7,8.5,8.4412,Under,100,-130,0.0652,0.4694,0.5306,0.1709,0.0130375
CLE,2003,Butch Davis,Kelly Holcomb,5,8.5,8.4412,Under,100,-130,0.0652,0.4694,0.5306,0.0725,-0.0752
ATL,2009,Mike Smith,Matt Ryan,9,8.5,8.4334,Over,100,-135,0.0745,0.4653,0.5347,0.1815,0.126731
BAL,2019,John Harbaugh,Lamar Jackson,14,8.5,8.4177,Over,110,-130,0.0414,0.4573,0.5427,0.1855,0.0389625
CAR,2018,Ron Rivera,Cam Newton,7,8.5,8.4177,Under,110,-130,0.0414,0.4573,0.5427,0.1616,0.022175
DAL,2016,Jason Garrett,Dak Prescott,13,8.5,8.4177,Over,110,-130,0.0414,0.4573,0.5427,0.141,-0.246194
DET,2014,Jim Caldwell,Matthew Stafford,11,8.5,8.4177,Over,110,-130,0.0414,0.4573,0.5427,0.1371,0.0303375
PHI,2010,Andy Reid,Michael Vick,10,8.5,8.4026,Over,110,-140,0.0595,0.4494,0.5506,0.2193,0.34245
CAR,2009,John Fox,Jake Delhomme,8,8.5,8.4026,Under,110,-140,0.0595,0.4494,0.5506,0.1634,0.213081
HOU,2009,Gary Kubiak,Matt Schaub,9,8.5,8.4026,Over,110,-140,0.0595,0.4494,0.5506,0.1634,-0.0323188
KC,2018,Andy Reid,Patrick Mahomes,12,8.5,8.3987,Over,115,-135,0.0396,0.4474,0.5526,0.1504,0.0795625
MIN,2016,Mike Zimmer,Sam Bradford,8,8.5,8.3987,Under,115,-135,0.0396,0.4474,0.5526,0.1301,0.075225
DAL,2018,Jason Garrett,Dak Prescott,10,8.5,8.3803,Over,120,-140,0.0379,0.438,0.562,0.1397,0.0307
CIN,2017,Marvin Lewis,Andy Dalton,7,8.5,8.3803,Under,120,-140,0.0379,0.438,0.562,0.1725,-0.140888
ARI,2015,Bruce Arians,Carson Palmer,13,8.5,8.3803,Over,120,-140,0.0379,0.438,0.562,0.0927,0.103737
IND,2024,Shane Steichen,Joe Flacco,8,8.5,8.3782,Under,119,-143,0.0451,0.4369,0.5631,-0.0501,-0.178353
WAS,2009,Jim Zorn,Jason Campbell,4,8.5,8.3668,Under,120,-150,0.0545,0.431,0.569,0.1422,-0.0681813
LAC,2003,Marty Schottenheimer,Drew Brees,4,8.5,8.3668,Under,120,-150,0.0545,0.431,0.569,0.0296,0.0921563
SF,2018,Kyle Shanahan,Nick Mullens,4,8.5,8.3454,Under,130,-150,0.0348,0.4202,0.5798,0.1193,-0.0692
BAL,2017,John Harbaugh,Joe Flacco,9,8.5,8.3454,Over,130,-150,0.0348,0.4202,0.5798,0.1523,-0.0576
DET,2015,Jim Caldwell,Matthew Stafford,7,8.5,8.3454,Under,130,-150,0.0348,0.4202,0.5798,0.0732,0.137056
BUF,2015,Rex Ryan,Tyrod Taylor,8,8.5,8.3454,Under,130,-150,0.0348,0.4202,0.5798,0.0732,0.136513
NYJ,2012,Rex Ryan,Mark Sanchez,6,8.5,8.3438,Under,125,-160,0.0598,0.4194,0.5806,0.0947,0.0110938
CHI,2020,Matt Nagy,Mitch Trubisky,8,8.5,8.3333,Under,130,-160,0.0502,0.414,0.586,0.0648,-0.1727
CHI,2011,Lovie Smith,Jay Cutler,8,8.5,8.3333,Under,130,-160,0.0502,0.414,0.586,0.1175,0.09825
GB,2008,Mike McCarthy,Aaron Rodgers,6,8.5,8.3128,Under,140,-160,0.0321,0.4037,0.5963,0.2265,0.123144
CAR,2015,Ron Rivera,Cam Newton,15,8.5,8.2823,Over,150,-170,0.0296,0.3885,0.6115,0.038,0.0262125
ATL,2014,Mike Smith,Matt Ryan,6,8.5,8.2823,Under,150,-170,0.0296,0.3885,0.6115,0.0599,0.0384062
TB,2024,Todd Bowles,Baker Mayfield,10,8.5,8.2536,Over,156,-188,0.0434,0.3744,0.6256,-0.1157,-0.0312294
NO,2022,Dennis Allen,Andy Dalton,7,8,8.1872,Under,-160,140,0.0321,0.5963,0.4037,-0.1884,-0.0272176
LAC,2015,Mike McCoy,Philip Rivers,4,8,8.1872,Under,-160,140,0.0321,0.5963,0.4037,-0.0152,-0.0579625
MIN,2015,Mike Zimmer,Teddy Bridgewater,11,8,8.1546,Over,-150,130,0.0348,0.5798,0.4202,-0.0334,0.0672
CLE,2008,Romeo Crennel,Derek Anderson,4,8,8.1546,Under,-150,130,0.0348,0.5798,0.4202,0.1308,0.154262
DET,2013,Jim Schwartz,Matthew Stafford,7,8,8.1332,Under,-150,120,0.0545,0.569,0.431,-0.0363,-0.0085625
BUF,2012,Chan Gailey,Ryan Fitzpatrick,6,8,8.1332,Under,-150,120,0.0545,0.569,0.431,-0.0251,-0.176825
LAR,2005,Joe Vitt,Marc Bulger,6,8,8.1332,Under,-150,120,0.0545,0.569,0.431,-0.0055,-0.188413
ARI,2021,Kliff Kingsbury,Kyler Murray,11,8,8.1197,Over,-140,120,0.0379,0.562,0.438,-0.2607,0.128353
SF,2019,Kyle Shanahan,Jimmy Garoppolo,13,8,8.1197,Over,-140,120,0.0379,0.562,0.438,0.0069,0.00856251
DET,2011,Jim Schwartz,Matthew Stafford,10,8,8.1156,Over,-145,115,0.057,0.5599,0.4401,-0.0064,0.108888
LAC,2014,Mike McCoy,Philip Rivers,9,8,8.1013,Over,-135,115,0.0396,0.5526,0.4474,-0.0432,-0.0146687
ATL,2006,Jim Mora,Michael Vick,7,8,8.1013,Under,-135,115,0.0396,0.5526,0.4474,-0.0566,0.131631
CIN,2010,Marvin Lewis,Carson Palmer,4,8,8.0974,Under,-140,110,0.0595,0.5506,0.4494,0.0401,0.220062
DAL,2005,Bill Parcells,Drew Bledsoe,9,8,8.0974,Over,-140,110,0.0595,0.5506,0.4494,-0.0266,-0.0089625
CAR,2019,Ron Rivera,Kyle Allen,5,8,8.0823,Under,-130,110,0.0414,0.5427,0.4573,-0.0155,0.0205375
BAL,2006,Brian Billick,Steve McNair,13,8,8.0823,Over,-130,110,0.0414,0.5427,0.4573,-0.0678,0.0338187
JAX,2009,Jack Del Rio,David Garrard,7,8,8.0785,Under,-135,105,0.0623,0.5408,0.4592,-0.028,-0.0141438
BUF,2005,Mike Mularkey,J.P. Losman,5,8,8.0785,Under,-135,105,0.0623,0.5408,0.4592,-0.0378,0.09875
TEN,2010,Jeff Fisher,Vince Young,6,8,8.0588,Under,-130,100,0.0652,0.5306,0.4694,0.0174,0.208731
LAC,2005,Marty Schottenheimer,Drew Brees,9,8,8.0588,Over,-130,100,0.0652,0.5306,0.4694,-0.0494,0.315325
DET,2005,Steve Mariucci,Joey Harrington,5,8,8.0588,Under,-130,100,0.0652,0.5306,0.4694,-0.0494,-0.0650938
NO,2003,Jim Haslett,Aaron Brooks,8,8,8.0588,Push,-130,100,0.0652,0.5306,0.4694,-0.1482,0.0356125
MIN,2003,Mike Tice,Daunte Culpepper,9,8,8.0588,Over,-130,100,0.0652,0.5306,0.4694,-0.1482,-0.0117438
MIN,2006,Brad Childress,Brad Johnson,6,8,8.0418,Under,-120,100,0.0455,0.5217,0.4783,-0.0915,-0.174912
WAS,2013,Mike Shanahan,Robert Griffin,3,8,8.039,Under,-125,-105,0.0678,0.5203,0.4797,-0.0911,0.197025
JAX,2019,Doug Marrone,Gardner Minshew,6,8,8,Under,-110,-110,0.0476,0.5,0.5,-0.0648,-0.0636
TEN,2018,Mike Vrabel,Marcus Mariota,9,8,8,Over,-110,-110,0.0476,0.5,0.5,-0.0823,-0.000212498
TEN,2008,Jeff Fisher,Kerry Collins,13,8,8,Over,-110,-110,0.0476,0.5,0.5,0.0373,0.157175
NYG,2007,Tom Coughlin,Eli Manning,10,8,8,Over,-110,-110,0.0476,0.5,0.5,-0.0258,-0.0155438
CIN,2005,Marvin Lewis,Carson Palmer,11,8,8,Over,-115,-115,0.0698,0.5,0.5,-0.0841,0.0581375
WAS,2021,Ron Rivera,Taylor Heinicke,7,8,7.9792,Under,-105,-115,0.0471,0.4892,0.5108,-0.3369,0.114841
NO,2017,Sean Payton,Drew Brees,11,8,7.9582,Over,100,-120,0.0455,0.4783,0.5217,-0.0713,-0.0331625
DEN,2017,Vance Joseph,Trevor Siemian,5,8,7.9582,Under,100,-120,0.0455,0.4783,0.5217,-0.0713,0.105631
TB,2006,Jon Gruden,Bruce Gradkowski,4,8,7.9582,Under,100,-120,0.0455,0.4783,0.5217,-0.1404,0.318006
CIN,2012,Marvin Lewis,Andy Dalton,10,8,7.9215,Over,105,-135,0.0623,0.4592,0.5408,-0.1455,-0.0718812
CHI,2010,Lovie Smith,Jay Cutler,11,8,7.9215,Over,105,-135,0.0623,0.4592,0.5408,-0.0632,0.0534062
CHI,2008,Lovie Smith,Kyle Orton,9,8,7.9177,Over,110,-130,0.0414,0.4573,0.5427,-0.0124,0.00491876
TB,2008,Jon Gruden,Jeff Garcia,9,8,7.9177,Over,110,-130,0.0414,0.4573,0.5427,-0.0124,-0.170869
ARI,2006,Dennis Green,Matt Leinart,5,8,7.9177,Under,110,-130,0.0414,0.4573,0.5427,-0.1641,-0.145763
GB,2005,Mike Sherman,Brett Favre,4,8,7.9026,Under,110,-140,0.0595,0.4494,0.5506,-0.1415,0.137669
OAK,2021,Rich Bisaccia,Derek Carr,10,8,7.8987,Over,115,-135,0.0396,0.4474,0.5526,-0.3806,0.159653
TEN,2019,Mike Vrabel,Ryan Tannehill,9,8,7.8803,Over,120,-140,0.0379,0.438,0.562,-0.1365,0.0476937
MIA,2013,Joe Philbin,Ryan Tannehill,8,8,7.8668,Push,120,-150,0.0545,0.431,0.569,-0.1914,-0.05205
TB,2011,Raheem Morris,Josh Freeman,4,8,7.8668,Under,120,-150,0.0545,0.431,0.569,-0.1481,0.0716313
IND,2017,Chuck Pagano,Jacoby Brissett,4,8,7.8454,Under,130,-150,0.0348,0.4202,0.5798,-0.1365,-0.173813
BUF,2016,Rex Ryan,Tyrod Taylor,7,8,7.8454,Under,130,-150,0.0348,0.4202,0.5798,-0.1856,0.08035
NYG,2014,Tom Coughlin,Eli Manning,6,8,7.8454,Under,130,-150,0.0348,0.4202,0.5798,-0.1891,-0.00894375
KC,2012,Romeo Crennel,Brady Quinn,2,8,7.8438,Under,125,-160,0.0598,0.4194,0.5806,-0.1897,-0.101331
CAR,2014,Ron Rivera,Cam Newton,7,8,7.7973,Under,145,-165,0.0308,0.396,0.604,-0.2165,0.235975
NYJ,2016,Todd Bowles,Ryan Fitzpatrick,5,8,7.7823,Under,150,-170,0.0296,0.3885,0.6115,-0.2216,0.171788
NYG,2015,Tom Coughlin,Eli Manning,6,8,7.7823,Under,150,-170,0.0296,0.3885,0.6115,-0.2414,0.042225
MIA,2014,Joe Philbin,Ryan Tannehill,8,8,7.7823,Push,150,-170,0.0296,0.3885,0.6115,-0.225,-0.0764625
NYJ,2007,Eric Mangini,Chad Pennington,4,8,7.7823,Under,150,-170,0.0296,0.3885,0.6115,-0.1557,0.039975
KC,2014,Andy Reid,Alex Smith,9,8,7.7535,Over,160,-180,0.0275,0.3743,0.6257,-0.2415,0.0828875
ARI,2014,Bruce Arians,Drew Stanton,11,7.5,7.7323,Over,-175,155,0.0285,0.6187,0.3813,-0.2535,0.239906
HOU,2014,Bill O'Brien,Ryan Fitzpatrick,9,7.5,7.7323,Over,-175,155,0.0285,0.6187,0.3813,-0.2535,-0.392913
PIT,2024,Mike Tomlin,Russell Wilson,10,7.5,7.7276,Over,-184,148,0.0511,0.6164,0.3836,-0.3925,0.317271
SEA,2009,Jim Mora,Matt Hasselbeck,5,7.5,7.7131,Under,-175,145,0.0445,0.6092,0.3908,-0.2437,-0.182781
SEA,2003,Mike Holmgren,Matt Hasselbeck,10,7.5,7.7081,Over,-180,140,0.0595,0.6067,0.3933,-0.3506,-0.257869
LAC,2017,Anthony Lynn,Philip Rivers,9,7.5,7.6872,Over,-160,140,0.0321,0.5963,0.4037,-0.2279,-0.0529875
SEA,2024,Mike Macdonald,Geno Smith,10,7.5,7.6856,Over,-164,137,0.0432,0.5955,0.4045,-0.4146,0.0252765
BAL,2003,Brian Billick,Kyle Boller,10,7.5,7.6667,Over,-160,130,0.0502,0.586,0.414,-0.3745,-0.041325
BUF,2008,Dick Jauron,Trent Edwards,7,7.5,7.6546,Under,-150,130,0.0348,0.5798,0.4202,-0.1715,0.0244375
DEN,2008,Mike Shanahan,Jay Cutler,8,7.5,7.6375,Over,-145,125,0.0363,0.5711,0.4289,-0.1819,-0.0864375
SF,2007,Mike Nolan,Alex Smith,5,7.5,7.6375,Under,-145,125,0.0363,0.5711,0.4289,-0.2421,-0.077025
WAS,2003,Steve Spurrier,Patrick Ramsey,5,7.5,7.6332,Under,-150,120,0.0545,0.569,0.431,-0.3938,0.214925
CAR,2008,John Fox,Jake Delhomme,12,7.5,7.6197,Over,-140,120,0.0379,0.562,0.438,-0.1926,-0.263031
TB,2013,Greg Schiano,Mike Glennon,4,7.5,7.6156,Under,-145,115,0.057,0.5599,0.4401,-0.3376,0.149987
CAR,2012,Ron Rivera,Cam Newton,7,7.5,7.6156,Under,-145,115,0.057,0.5599,0.4401,-0.3195,0.0713875
OAK,2005,Norv Turner,Kerry Collins,4,7.5,7.6156,Under,-145,115,0.057,0.5599,0.4401,-0.3106,-0.0104875
CHI,2025,Ben Johnson,Caleb Williams,11,7.5,7.6087,Over,-140,115,0.0484,0.5564,0.4436,-0.5,0.0998941
ATL,2025,Raheem Morris,Michael Penix,8,7.5,7.6087,Over,-140,115,0.0484,0.5564,0.4436,-0.5,-0.168871
ARI,2008,Ken Whisenhunt,Kurt Warner,9,7.5,7.6013,Over,-135,115,0.0396,0.5526,0.4474,-0.2037,0.0111375
CAR,2013,Ron Rivera,Cam Newton,12,7.5,7.5974,Over,-140,110,0.0595,0.5506,0.4494,-0.3483,0.159119
ARI,2010,Ken Whisenhunt,Derek Anderson,5,7.5,7.5974,Under,-140,110,0.0595,0.5506,0.4494,-0.2535,-0.185875
JAX,2004,Jack Del Rio,Byron Leftwich,9,7.5,7.5974,Over,-140,110,0.0595,0.5506,0.4494,-0.3259,-0.0271562
DEN,2020,Vic Fangio,Drew Lock,5,7.5,7.5785,Under,-135,105,0.0623,0.5408,0.4592,-0.3699,0.159588
DAL,2014,Jason Garrett,Tony Romo,12,8,7.5782,Over,230,-270,0.0328,0.2934,0.7066,-0.3413,0.0863687
JAX,2025,Liam Coen,Trevor Lawrence,13,7.5,7.5624,Over,-125,105,0.0434,0.5325,0.4675,-0.5255,-0.0514235
CHI,2023,Matt Eberflus,Justin Fields,7,7.5,7.5624,Under,-125,105,0.0434,0.5325,0.4675,-0.5751,-0.183053
JAX,2016,Gus Bradley,Blake Bortles,3,7.5,7.5624,Under,-125,105,0.0434,0.5325,0.4675,-0.3471,0.0378812
ATL,2020,Raheem Morris,Matt Ryan,4,7.5,7.5588,Under,-130,100,0.0652,0.5306,0.4694,-0.3812,0.194944
LAC,2020,Anthony Lynn,Justin Herbert,7,7.5,7.5588,Under,-130,100,0.0652,0.5306,0.4694,-0.3812,-0.123462
SEA,2012,Pete Carroll,Russell Wilson,11,7.5,7.5588,Over,-130,100,0.0652,0.5306,0.4694,-0.3518,0.0799312
OAK,2004,Norv Turner,Kerry Collins,5,7.5,7.5588,Under,-130,100,0.0652,0.5306,0.4694,-0.3487,-0.03095
KC,2013,Andy Reid,Alex Smith,11,7.5,7.5491,Over,-160,-125,0.1709,0.5255,0.4745,-0.3764,-0.253381
CAR,2023,Frank Reich,Bryce Young,2,7.5,7.5418,Under,-120,100,0.0455,0.5217,0.4783,-0.5864,-0.188918
GB,2023,Matt LaFleur,Jordan Love,9,7.5,7.5418,Over,-120,100,0.0455,0.5217,0.4783,-0.5864,-0.0975471
WAS,2016,Jay Gruden,Kirk Cousins,8,7.5,7.5418,Over,-120,100,0.0455,0.5217,0.4783,-0.3588,0.103756
WAS,2014,Jay Gruden,Robert Griffin,4,7.5,7.5418,Under,-120,100,0.0455,0.5217,0.4783,-0.3621,-0.109338
WAS,2008,Jim Zorn,Jason Campbell,8,7.5,7.5418,Over,-120,100,0.0455,0.5217,0.4783,-0.2397,0.127119
NO,2005,Jim Haslett,Aaron Brooks,3,7.5,7.539,Under,-125,-105,0.0678,0.5203,0.4797,-0.3558,0.036025
WAS,2022,Ron Rivera,Taylor Heinicke,8,7.5,7.5208,Over,-115,-105,0.0471,0.5108,0.4892,-0.5537,-0.141729
ARI,2020,Kliff Kingsbury,Kyler Murray,8,7.5,7.5194,Over,-120,-110,0.0693,0.5101,0.4899,-0.4039,-0.0241688
LAR,2013,Jeff Fisher,Kellen Clemens,7,7.5,7.5194,Under,-120,-110,0.0693,0.5101,0.4899,-0.3937,0.205575
LAR,2011,Steve Spagnuolo,Sam Bradford,2,7.5,7.5194,Under,-120,-110,0.0693,0.5101,0.4899,-0.3459,0.0103625
BUF,2009,Dick Jauron,Ryan Fitzpatrick,6,7.5,7.5194,Under,-120,-110,0.0693,0.5101,0.4899,-0.358,0.0635125
NYG,2023,Brian Daboll,Daniel Jones,6,7.5,7.5,Under,-110,-110,0.0476,0.5,0.5,-0.6093,0.0214471
IND,2019,Frank Reich,Jacoby Brissett,7,7.5,7.5,Under,-110,-110,0.0476,0.5,0.5,-0.3644,-0.00320001
NYJ,2019,Adam Gase,Sam Darnold,7,7.5,7.5,Under,-110,-110,0.0476,0.5,0.5,-0.3644,-0.229325
DET,2018,Matt Patricia,Matthew Stafford,6,7.5,7.5,Under,-110,-110,0.0476,0.5,0.5,-0.3742,0.0944937
LAR,2015,Jeff Fisher,Nick Foles,7,7.5,7.5,Under,-110,-110,0.0476,0.5,0.5,-0.3991,-0.0592187
KC,2011,Todd Haley,Matt Cassel,7,7.5,7.5,Under,-115,-115,0.0698,0.5,0.5,-0.357,0.212056
NYJ,2008,Eric Mangini,Brett Favre,9,7.5,7.5,Over,-110,-110,0.0476,0.5,0.5,-0.265,-0.07995
WAS,2005,Joe Gibbs,Mark Brunell,10,7.5,7.5,Over,-115,-115,0.0698,0.5,0.5,-0.3788,-0.0819687
BUF,2004,Mike Mularkey,Drew Bledsoe,9,7.5,7.5,Over,-115,-115,0.0698,0.5,0.5,-0.3833,0.0873563
CIN,2004,Marvin Lewis,Carson Palmer,8,7.5,7.5,Over,-115,-115,0.0698,0.5,0.5,-0.3833,0.232381
NO,2004,Jim Haslett,Aaron Brooks,8,7.5,7.5,Over,-115,-115,0.0698,0.5,0.5,-0.3833,0.000299999
CAR,2003,John Fox,Jake Delhomme,11,7.5,7.5,Over,-115,-115,0.0698,0.5,0.5,-0.4707,-0.0717875
HOU,2020,Romeo Crennel,Deshaun Watson,4,7.5,7.4806,Under,-110,-120,0.0693,0.4899,0.5101,-0.4263,0.0400187
MIA,2025,Mike McDaniel,Tua Tagovailoa,7,7.5,7.4792,Under,-105,-115,0.0471,0.4892,0.5108,-0.5713,-0.0448118
OAK,2020,Jon Gruden,Derek Carr,8,7.5,7.461,Over,-105,-125,0.0678,0.4797,0.5203,-0.4376,0.156381
SF,2011,Jim Harbaugh,Alex Smith,13,7.5,7.461,Over,-105,-125,0.0678,0.4797,0.5203,-0.3792,-0.181863
DAL,2025,Brian Schottenheimer,Dak Prescott,7,7.5,7.4582,Under,100,-120,0.0455,0.4783,0.5217,-0.5828,0.0779941
NE,2023,Bill Belichick,Mac Jones,4,7.5,7.4582,Under,100,-120,0.0455,0.4783,0.5217,-0.6321,0.319706
SEA,2018,Pete Carroll,Russell Wilson,10,7.5,7.4582,Over,100,-120,0.0455,0.4783,0.5217,-0.3986,0.117156
HOU,2008,Gary Kubiak,Matt Schaub,8,7.5,7.4582,Over,100,-120,0.0455,0.4783,0.5217,-0.2902,0.136475
ATL,2007,Bobby Petrino,Joey Harrington,4,7.5,7.4582,Under,100,-120,0.0455,0.4783,0.5217,-0.3491,-0.0125813
LAR,2007,Scott Linehan,Marc Bulger,3,7.5,7.4582,Under,100,-120,0.0455,0.4783,0.5217,-0.3491,0.00305
KC,2007,Herm Edwards,Damon Huard,4,7.5,7.4582,Under,100,-120,0.0455,0.4783,0.5217,-0.3491,0.0453
PIT,2022,Mike Tomlin,Kenny Pickett,9,7.5,7.4449,Over,-105,-135,0.0867,0.4713,0.5287,-0.5953,0.179965
PHI,2013,Chip Kelly,Nick Foles,10,7.5,7.4412,Over,100,-130,0.0652,0.4694,0.5306,-0.4392,-0.0481125
WAS,2010,Mike Shanahan,Donovan McNabb,6,7.5,7.4412,Under,100,-130,0.0652,0.4694,0.5306,-0.3452,0.118719
HOU,2005,Dom Capers,David Carr,2,7.5,7.4412,Under,100,-130,0.0652,0.4694,0.5306,-0.4135,0.0311625
PIT,2004,Bill Cowher,Ben Roethlisberger,15,7.5,7.4412,Over,100,-130,0.0652,0.4694,0.5306,-0.418,0.111488
CHI,2021,Matt Nagy,Justin Fields,6,7.5,7.4376,Under,105,-125,0.0434,0.4675,0.5325,-0.6308,0.136165
DEN,2021,Vic Fangio,Teddy Bridgewater,7,7.5,7.4376,Under,105,-125,0.0434,0.4675,0.5325,-0.6308,-0.108035
NO,2024,Dennis Allen,Derek Carr,5,7.5,7.42,Under,109,-130,0.0437,0.4584,0.5416,-0.5543,-0.171006
IND,2025,Shane Steichen,Daniel Jones,8,7.5,7.4177,Over,110,-130,0.0414,0.4573,0.5427,-0.6051,-0.00270589
TEN,2023,Mike Vrabel,Will Levis,6,7.5,7.4177,Under,110,-130,0.0414,0.4573,0.5427,-0.6543,-0.0110588
CAR,2021,Matt Rhule,Sam Darnold,5,7.5,7.4177,Under,110,-130,0.0414,0.4573,0.5427,-0.6416,-0.0882118
IND,2018,Frank Reich,Andrew Luck,10,7.5,7.4177,Over,110,-130,0.0414,0.4573,0.5427,-0.4223,-0.0906187
NYJ,2015,Todd Bowles,Ryan Fitzpatrick,10,7.5,7.4177,Over,110,-130,0.0414,0.4573,0.5427,-0.445,0.0211875
CHI,2018,Matt Nagy,Mitch Trubisky,12,7.5,7.3987,Over,115,-135,0.0396,0.4474,0.5526,-0.4334,-0.019725
MIA,2011,Tony Sparano,Matt Moore,6,7.5,7.3844,Under,115,-145,0.057,0.4401,0.5599,-0.4229,0.192456
OAK,2018,Jon Gruden,Derek Carr,4,7.5,7.3803,Under,120,-140,0.0379,0.438,0.562,-0.4441,-0.0682187
WAS,2017,Jay Gruden,Kirk Cousins,7,7.5,7.3803,Under,120,-140,0.0379,0.438,0.562,-0.4052,0.19595
DET,2017,Jim Caldwell,Matthew Stafford,9,7.5,7.3803,Over,120,-140,0.0379,0.438,0.562,-0.4052,0.159281
LAC,2013,Mike McCoy,Philip Rivers,9,7.5,7.3668,Over,120,-150,0.0545,0.431,0.569,-0.4825,-0.107481
CLE,2004,Butch Davis,Jeff Garcia,4,7.5,7.3668,Under,120,-150,0.0545,0.431,0.569,-0.4618,-0.0417625
GB,2007,Mike McCarthy,Brett Favre,13,7.5,7.3454,Over,130,-150,0.0348,0.4202,0.5798,-0.4164,-0.0455625
CHI,2003,Dick Jauron,Kordell Stewart,7,7.5,7.3333,Under,130,-160,0.0502,0.414,0.586,-0.567,-0.046825
DAL,2003,Bill Parcells,Quincy Carter,10,7.5,7.3333,Over,130,-160,0.0502,0.414,0.586,-0.567,0.0888625
WAS,2007,Joe Gibbs,Jason Campbell,9,7.5,7.3128,Over,140,-160,0.0321,0.4037,0.5963,-0.4358,-0.00138126
CHI,2016,John Fox,Matt Barkley,3,7.5,7.2973,Under,145,-165,0.0308,0.396,0.604,-0.4983,-0.1337
LAC,2016,Mike McCoy,Philip Rivers,5,7,7.2603,Under,-185,165,0.0265,0.6324,0.3676,-0.5194,-0.0507812
DEN,2018,Vance Joseph,Case Keenum,6,7,7.2277,Under,-180,150,0.0429,0.6164,0.3836,-0.5332,-0.0388312
OAK,2023,Antonio Pierce,Aidan O'Connell,8,7.5,7.2262,Over,170,-190,0.0255,0.3611,0.6389,-0.7591,0.211859
LAR,2016,Jeff Fisher,Case Keenum,4,7.5,7.2091,Under,175,-200,0.0303,0.3529,0.6471,-0.5487,0.0777438
DET,2016,Jim Caldwell,Matthew Stafford,9,7,7.1546,Over,-150,130,0.0348,0.5798,0.4202,-0.5798,-0.059625
ARI,2011,Ken Whisenhunt,Kevin Kolb,8,7,7.1332,Over,-150,120,0.0545,0.569,0.431,-0.5659,-0.318769
ARI,2005,Dennis Green,Kurt Warner,5,7,7.1332,Under,-150,120,0.0545,0.569,0.431,-0.595,-0.0963
BUF,2019,Sean McDermott,Josh Allen,10,7,7.1197,Over,-140,120,0.0379,0.562,0.438,-0.5923,-0.156994
NYG,2018,Pat Shurmur,Eli Manning,5,7,7.1197,Under,-140,120,0.0379,0.562,0.438,-0.5963,0.151369
TB,2016,Dirk Koetter,Jameis Winston,9,7,7.1197,Over,-140,120,0.0379,0.562,0.438,-0.5997,0.0840625
NO,2016,Sean Payton,Drew Brees,7,7,7.1197,Push,-140,120,0.0379,0.562,0.438,-0.5997,0.0804125
TEN,2014,Ken Whisenhunt,Zach Mettenberger,2,7,7.1197,Under,-140,120,0.0379,0.562,0.438,-0.6026,-0.239006
TEN,2012,Mike Munchak,Jake Locker,6,7,7.1156,Under,-145,115,0.057,0.5599,0.4401,-0.604,0.0598812
CIN,2018,Marvin Lewis,Andy Dalton,6,7,7.1013,Under,-135,115,0.0396,0.5526,0.4474,-0.607,0.000737503
ARI,2007,Ken Whisenhunt,Kurt Warner,8,7,7.1013,Over,-135,115,0.0396,0.5526,0.4474,-0.5621,-0.0857625
NYJ,2020,Adam Gase,Sam Darnold,2,7,7.0974,Under,-140,110,0.0595,0.5506,0.4494,-0.647,0.178331
SF,2009,Mike Singletary,Alex Smith,8,7,7.0974,Over,-140,110,0.0595,0.5506,0.4494,-0.6072,-0.037425
DEN,2019,Vic Fangio,Joe Flacco,7,7,7.0823,Push,-130,110,0.0414,0.5427,0.4573,-0.6147,0.176544
WAS,2018,Jay Gruden,Alex Smith,7,7,7.0823,Push,-130,110,0.0414,0.5427,0.4573,-0.6181,0.167962
MIA,2017,Adam Gase,Jay Cutler,6,7,7.0823,Under,-130,110,0.0414,0.5427,0.4573,-0.5773,0.056225
ATL,2016,Dan Quinn,Matt Ryan,11,7,7.0823,Over,-130,110,0.0414,0.5427,0.4573,-0.621,0.1348
NYJ,2014,Rex Ryan,Geno Smith,4,7,7.0624,Under,-125,105,0.0434,0.5325,0.4675,-0.6353,0.0475938
CIN,2008,Marvin Lewis,Ryan Fitzpatrick,4,7,7.0624,Under,-125,105,0.0434,0.5325,0.4675,-0.5296,0.158975
DEN,2010,Josh McDaniels,Kyle Orton,4,7,7.0588,Under,-130,100,0.0652,0.5306,0.4694,-0.5697,-0.0213687
NYJ,2009,Rex Ryan,Mark Sanchez,9,7,7.0588,Over,-130,100,0.0652,0.5306,0.4694,-0.6299,0.10325
TB,2014,Lovie Smith,Josh McCown,2,7,7.0418,Under,-120,100,0.0455,0.5217,0.4783,-0.647,0.0856063
MIA,2007,Cam Cameron,Cleo Lemon,1,7,7.0418,Under,-120,100,0.0455,0.5217,0.4783,-0.5976,-0.0128
MIA,2009,Tony Sparano,Chad Henne,7,7,7.039,Push,-125,-105,0.0678,0.5203,0.4797,-0.6417,0.388731
CIN,2009,Marvin Lewis,Carson Palmer,10,7,7.0365,Over,-130,-110,0.089,0.519,0.481,-0.6431,-0.0887063
ATL,2021,Arthur Smith,Matt Ryan,7,7,7.0208,Push,-115,-105,0.0471,0.5108,0.4892,-0.857,-0.0721588
MIN,2011,Leslie Frazier,Christian Ponder,3,7,7.0194,Under,-120,-110,0.0693,0.5101,0.4899,-0.6307,0.0733313
NYG,2021,Joe Judge,Daniel Jones,4,7,7,Under,-110,-110,0.0476,0.5,0.5,-0.8682,0.0343294
OAK,2012,Dennis Allen,Carson Palmer,4,7,7,Under,-115,-115,0.0698,0.5,0.5,-0.6698,-0.0914688
TB,2007,Jon Gruden,Jeff Garcia,9,7,7,Over,-110,-110,0.0476,0.5,0.5,-0.6225,-0.0271438
TB,2005,Jon Gruden,Chris Simms,11,7,7,Over,-115,-115,0.0698,0.5,0.5,-0.6736,-0.0241563
MIN,2013,Leslie Frazier,Christian Ponder,5,7,6.961,Under,-105,-125,0.0678,0.4797,0.5203,-0.7188,0.255888
JAX,2010,Jack Del Rio,David Garrard,8,7,6.961,Over,-105,-125,0.0678,0.4797,0.5203,-0.6272,0.05365
CHI,2005,Lovie Smith,Kyle Orton,11,7,6.9412,Over,100,-130,0.0652,0.4694,0.5306,-0.7082,-0.103944
JAX,2003,Jack Del Rio,Byron Leftwich,5,7,6.9412,Under,100,-130,0.0652,0.4694,0.5306,-0.7933,0.0238062
NYG,2022,Brian Daboll,Daniel Jones,9,7,6.9376,Over,105,-125,0.0434,0.4675,0.5325,-0.8734,-0.177212
PHI,2021,Nick Sirianni,Jalen Hurts,9,7,6.9376,Over,105,-125,0.0434,0.4675,0.5325,-0.9021,-0.143359
TEN,2007,Jeff Fisher,Vince Young,10,7,6.9376,Over,105,-125,0.0434,0.4675,0.5325,-0.6598,0.187519
LAR,2006,Scott Linehan,Marc Bulger,8,7,6.9177,Over,110,-130,0.0414,0.4573,0.5427,-0.7496,-0.0170188
SEA,2010,Pete Carroll,Matt Hasselbeck,7,7,6.9026,Push,110,-140,0.0595,0.4494,0.5506,-0.6614,-0.232394
CAR,2010,John Fox,Jimmy Clausen,2,7,6.8844,Under,115,-145,0.057,0.4401,0.5599,-0.6722,0.0123875
MIA,2016,Adam Gase,Ryan Tannehill,10,7,6.8803,Over,120,-140,0.0379,0.438,0.562,-0.7363,0.054775
LAR,2014,Jeff Fisher,Austin Davis,6,7,6.8803,Under,120,-140,0.0379,0.438,0.562,-0.7391,0.178587
DET,2006,Rod Marinelli,Jon Kitna,3,7,6.8803,Under,120,-140,0.0379,0.438,0.562,-0.7716,-0.145456
NO,2006,Sean Payton,Drew Brees,10,7,6.8289,Over,135,-155,0.0334,0.4118,0.5882,-0.8017,0.0911062
ARI,2012,Ken Whisenhunt,John Skelton,5,7,6.8161,Under,133,-170,0.0588,0.4053,0.5947,-0.7744,0.229075
CLE,2009,Eric Mangini,Brady Quinn,5,7,6.7444,Under,160,-190,0.0398,0.3699,0.6301,-0.8156,-0.0621125
BUF,2006,Dick Jauron,J.P. Losman,7,7,6.7397,Push,165,-185,0.0265,0.3676,0.6324,-0.8539,-0.0376312
CLE,2006,Romeo Crennel,Charlie Frye,4,6.5,6.7323,Under,-175,155,0.0285,0.6187,0.3813,-0.8582,0.125581
MIA,2012,Joe Philbin,Ryan Tannehill,7,7,6.7031,Push,170,-220,0.0579,0.3501,0.6499,-0.8386,-0.0125062
CLE,2011,Pat Shurmur,Colt McCoy,4,6.5,6.6667,Under,-160,130,0.0502,0.586,0.414,-0.8316,-0.136031
DET,2019,Matt Patricia,Matthew Stafford,3,6.5,6.6546,Under,-150,130,0.0348,0.5798,0.4202,-0.871,0.0258125
BUF,2014,Doug Marrone,Kyle Orton,9,6.5,6.6375,Over,-145,125,0.0363,0.5711,0.4289,-0.8774,0.0212438
MIN,2024,Kevin O'Connell,Sam Darnold,14,6.5,6.6288,Over,-145,121,0.0443,0.5667,0.4333,-0.9707,0.200635
OAK,2025,Pete Carroll,Geno Smith,3,6.5,6.6267,Under,-145,120,0.0464,0.5656,0.4344,-1.0405,0.0317353
MIA,2018,Adam Gase,Ryan Tannehill,7,6.5,6.6197,Over,-140,120,0.0379,0.562,0.438,-0.8882,-0.106375
LAR,2008,Jim Haslett,Marc Bulger,2,6.5,6.6197,Under,-140,120,0.0379,0.562,0.438,-0.7973,-0.0471438
MIN,2007,Brad Childress,Tarvaris Jackson,8,6.5,6.6197,Over,-140,120,0.0379,0.562,0.438,-0.8495,-0.0377812
ARI,2024,Jonathan Gannon,Kyler Murray,8,6.5,6.6168,Over,-141,118,0.0438,0.5605,0.4395,-0.9771,0.0378176
CAR,2025,Dave Canales,Bryce Young,8,6.5,6.5823,Over,-130,110,0.0414,0.5427,0.4573,-1.0649,-0.129953
DET,2008,Rod Marinelli,Dan Orlovsky,0,6.5,6.5823,Under,-130,110,0.0414,0.5427,0.4573,-0.8199,0.0444688
IND,2023,Shane Steichen,Gardner Minshew,9,6.5,6.5624,Over,-125,105,0.0434,0.5325,0.4675,-1.1223,-0.178712
JAX,2017,Doug Marrone,Blake Bortles,10,6.5,6.5624,Over,-125,105,0.0434,0.5325,0.4675,-0.8776,-0.198656
DET,2020,Matt Patricia,Matthew Stafford,5,6.5,6.5588,Under,-130,100,0.0652,0.5306,0.4694,-0.9571,-0.114844
TEN,2011,Mike Munchak,Matt Hasselbeck,9,6.5,6.5588,Over,-130,100,0.0652,0.5306,0.4694,-0.893,-0.097125
DET,2004,Steve Mariucci,Joey Harrington,6,6.5,6.5588,Under,-130,100,0.0652,0.5306,0.4694,-0.9375,0.0600438
CHI,2004,Lovie Smith,Chad Hutchinson,5,6.5,6.5588,Under,-130,100,0.0652,0.5306,0.4694,-0.9375,0.0445188
OAK,2024,Antonio Pierce,Gardner Minshew,4,6.5,6.5405,Under,-118,101,0.0388,0.5211,0.4789,-1.0172,0.0754
CLE,2013,Rob Chudzinski,Jason Campbell,4,6.5,6.539,Under,-125,-105,0.0678,0.5203,0.4797,-0.9645,-0.0278563
NYG,2005,Tom Coughlin,Eli Manning,11,6.5,6.5194,Over,-120,-110,0.0693,0.5101,0.4899,-0.9568,0.0888875
TB,2019,Bruce Arians,Jameis Winston,7,6.5,6.5,Over,-110,-110,0.0476,0.5,0.5,-0.9636,0.0501813
TEN,2013,Mike Munchak,Ryan Fitzpatrick,7,6.5,6.5,Over,-115,-115,0.0698,0.5,0.5,-0.9872,-0.0580437
KC,2010,Todd Haley,Matt Cassel,10,6.5,6.5,Over,-115,-115,0.0698,0.5,0.5,-0.8978,-0.307031
TEN,2005,Jeff Fisher,Steve McNair,4,6.5,6.5,Under,-115,-115,0.0698,0.5,0.5,-0.9683,-0.0387562
WAS,2023,Ron Rivera,Sam Howell,4,6.5,6.4806,Under,-110,-120,0.0693,0.4899,0.5101,-1.1671,0.103724
MIA,2020,Brian Flores,Tua Tagovailoa,10,6.5,6.4806,Over,-110,-120,0.0693,0.4899,0.5101,-1.0022,-0.0500625
JAX,2011,Jack Del Rio,Blaine Gabbert,5,6.5,6.4806,Under,-110,-120,0.0693,0.4899,0.5101,-0.9376,0.238294
CIN,2021,Zac Taylor,Joe Burrow,10,6.5,6.4792,Over,-105,-115,0.0471,0.4892,0.5108,-1.1508,0.136394
OAK,2011,Hue Jackson,Carson Palmer,8,6.5,6.461,Over,-105,-125,0.0678,0.4797,0.5203,-0.9487,0.132412
LAR,2023,Sean McVay,Matthew Stafford,10,6.5,6.4582,Over,100,-120,0.0455,0.4783,0.5217,-1.1793,0.0233353
CAR,2022,Steve Wilks,Phillip Walker,7,6.5,6.4582,Over,100,-120,0.0455,0.4783,0.5217,-1.1362,-0.0504647
CHI,2015,John Fox,Jay Cutler,6,6.5,6.4582,Under,100,-120,0.0455,0.4783,0.5217,-0.981,0.0444
HOU,2007,Gary Kubiak,Matt Schaub,8,6.5,6.4582,Over,100,-120,0.0455,0.4783,0.5217,-0.9459,0.0690313
NYG,2020,Joe Judge,Daniel Jones,6,6.5,6.4412,Under,100,-130,0.0652,0.4694,0.5306,-1.0249,0.2215
HOU,2004,Dom Capers,David Carr,7,6.5,6.4412,Over,100,-130,0.0652,0.4694,0.5306,-1.0069,0.105538
WAS,2024,Dan Quinn,Jayden Daniels,12,6.5,6.441,Over,105,-123,0.0394,0.4693,0.5307,-1.0696,0.0168059
OAK,2006,Art Shell,Andrew Walter,2,6.5,6.4376,Under,105,-125,0.0434,0.4675,0.5325,-1.0308,0.0647937
DEN,2009,Josh McDaniels,Kyle Orton,8,6.5,6.4215,Over,105,-135,0.0623,0.4592,0.5408,-1.0062,0.207975
TEN,2025,Brian Callahan,Cam Ward,3,6.5,6.4177,Under,110,-130,0.0414,0.4573,0.5427,-1.1555,-0.130047
CLE,2014,Mike Pettine,Brian Hoyer,7,6.5,6.4177,Over,110,-130,0.0414,0.4573,0.5427,-1.0027,-0.144562
JAX,2022,Doug Pederson,Trevor Lawrence,9,6.5,6.3987,Over,115,-135,0.0396,0.4474,0.5526,-1.1689,-0.0934588
WAS,2012,Mike Shanahan,Robert Griffin,10,6.5,6.3844,Over,115,-145,0.057,0.4401,0.5599,-1.02,0.0669875
HOU,2023,DeMeco Ryans,C.J. Stroud,10,6.5,6.3803,Over,120,-140,0.0379,0.438,0.562,-1.222,-0.118694
TB,2023,Todd Bowles,Baker Mayfield,9,6.5,6.3803,Over,120,-140,0.0379,0.438,0.562,-1.222,0.0289529
NYG,2024,Brian Daboll,Daniel Jones,3,6.5,6.3753,Under,121,-142,0.0393,0.4354,0.5646,-1.1042,0.051047
NYJ,2025,Aaron Glenn,Tyrod Taylor,3,6.5,6.3733,Under,120,-145,0.0464,0.4344,0.5656,-1.1799,-0.0304353
BUF,2013,Doug Marrone,EJ Manuel,6,6.5,6.3668,Under,120,-150,0.0545,0.431,0.569,-1.0648,-0.0628937
TEN,2024,Brian Callahan,Mason Rudolph,3,6.5,6.3642,Under,123,-147,0.0436,0.4297,0.5703,-1.11,0.121853
CHI,2022,Matt Eberflus,Justin Fields,3,6.5,6.3454,Under,130,-150,0.0348,0.4202,0.5798,-1.1981,-0.134118
TB,2018,Dirk Koetter,Jameis Winston,5,6.5,6.3454,Under,130,-150,0.0348,0.4202,0.5798,-1.0483,0.202081
BUF,2017,Sean McDermott,Tyrod Taylor,9,6.5,6.3454,Over,130,-150,0.0348,0.4202,0.5798,-1.003,0.0690188
PHI,2016,Doug Pederson,Carson Wentz,7,6.5,6.3454,Over,130,-150,0.0348,0.4202,0.5798,-1.0415,0.0864438
NYJ,2006,Eric Mangini,Chad Pennington,10,6.5,6.3454,Over,130,-150,0.0348,0.4202,0.5798,-1.0847,-0.146294
TB,2009,Raheem Morris,Josh Freeman,3,6.5,6.3019,Under,140,-170,0.0463,0.3982,0.6018,-1.0768,0.321206
SF,2015,Jim Tomsula,Blaine Gabbert,5,6.5,6.2677,Under,155,-175,0.0285,0.3813,0.6187,-1.0875,0.168081
CLE,2015,Mike Pettine,Josh McCown,3,6.5,6.2677,Under,155,-175,0.0285,0.3813,0.6187,-1.0875,-0.0075875
NYJ,2013,Rex Ryan,Geno Smith,8,6.5,6.236,Over,160,-200,0.0513,0.3659,0.6341,-1.1409,-0.0829688
MIN,2014,Mike Zimmer,Teddy Bridgewater,7,6,6.2323,Over,-175,155,0.0285,0.6187,0.3813,-1.1083,0.14485
DET,2022,Dan Campbell,Jared Goff,9,6,6.1872,Over,-160,140,0.0321,0.5963,0.4037,-1.2848,-0.141529
GB,2006,Mike McCarthy,Brett Favre,8,6,6.1872,Over,-160,140,0.0321,0.5963,0.4037,-1.1774,-0.174187
SF,2008,Mike Singletary,"Sullivan"" ",7,6,6.1711,Over,-155,135,0.0334,0.5882,0.4118,-1.0685,0.0880812
TEN,2016,Mike Mularkey,Marcus Mariota,9,6,6.1546,Over,-150,130,0.0348,0.5798,0.4202,-1.1504,-0.0332625
TB,2015,Lovie Smith,Jameis Winston,6,6,6.1546,Push,-150,130,0.0348,0.5798,0.4202,-1.1507,-0.100913
OAK,2010,Tom Cable,Jason Campbell,8,6,6.1332,Over,-150,120,0.0545,0.569,0.431,-1.1132,-0.04445
OAK,2008,Tom Cable,JaMarcus Russell,5,6,6.1013,Under,-135,115,0.0396,0.5526,0.4474,-1.1107,-0.150863
TB,2012,Greg Schiano,Josh Freeman,7,6,6.0974,Over,-140,110,0.0595,0.5506,0.4494,-1.1832,0.0022625
DET,2003,Steve Mariucci,Joey Harrington,5,6,6.0974,Under,-140,110,0.0595,0.5506,0.4494,-1.2804,0.0113687
NYJ,2021,Robert Saleh,Zach Wilson,4,6,6.0823,Under,-130,110,0.0414,0.5427,0.4573,-1.3662,-0.0695647
ARI,2018,Steve Wilks,Josh Rosen,3,6,6.0823,Under,-130,110,0.0414,0.5427,0.4573,-1.2019,0.211219
WAS,2015,Jay Gruden,Kirk Cousins,9,6,6.0823,Over,-130,110,0.0414,0.5427,0.4573,-1.1911,0.144737
NYG,2004,Tom Coughlin,Kurt Warner,6,6,6.0785,Push,-135,105,0.0623,0.5408,0.4592,-1.2204,0.119188
JAX,2021,Urban Meyer,Trevor Lawrence,3,6,6.0652,Under,-120,110,0.0216,0.5339,0.4661,-1.3755,-0.100606
LAR,2012,Jeff Fisher,Sam Bradford,7,6,6.039,Over,-125,-105,0.0678,0.5203,0.4797,-1.2164,0.05325
WAS,2011,Mike Shanahan,Rex Grossman,5,6,6.039,Under,-125,-105,0.0678,0.5203,0.4797,-1.189,0.0531812
KC,2009,Todd Haley,Matt Cassel,4,6,6.039,Under,-125,-105,0.0678,0.5203,0.4797,-1.232,0.0155313
DEN,2011,John Fox,Tim Tebow,8,6,6.0194,Over,-120,-110,0.0693,0.5101,0.4899,-1.2002,0.02785
MIN,2012,Leslie Frazier,Christian Ponder,10,6,6,Over,-115,-115,0.0698,0.5,0.5,-1.2386,0.017475
BUF,2007,Dick Jauron,Trent Edwards,7,6,6,Over,-110,-110,0.0476,0.5,0.5,-1.2193,0.323675
DET,2007,Rod Marinelli,Jon Kitna,7,6,6,Over,-110,-110,0.0476,0.5,0.5,-1.2193,-0.0286437
CLE,2018,Gregg Williams,Baker Mayfield,7,6,5.9582,Over,100,-120,0.0455,0.4783,0.5217,-1.2743,0.1024
TB,2010,Raheem Morris,Josh Freeman,10,6,5.9412,Over,100,-130,0.0652,0.4694,0.5306,-1.2259,-0.0765812
NYG,2019,Pat Shurmur,Daniel Jones,4,6,5.9376,Under,105,-125,0.0434,0.4675,0.5325,-1.3006,-0.136856
SEA,2022,Pete Carroll,Geno Smith,9,6,5.9177,Over,110,-130,0.0414,0.4573,0.5427,-1.4325,0.0869059
NYJ,2018,Todd Bowles,Sam Darnold,4,6,5.9177,Under,110,-130,0.0414,0.4573,0.5427,-1.298,-0.102425
OAK,2009,Tom Cable,JaMarcus Russell,5,6,5.9026,Under,110,-140,0.0595,0.4494,0.5506,-1.3125,0.0205625
BAL,2008,John Harbaugh,Joe Flacco,11,6,5.8987,Over,115,-135,0.0396,0.4474,0.5526,-1.2333,0.1853
SEA,2011,Pete Carroll,Tarvaris Jackson,7,6,5.8668,Over,120,-150,0.0545,0.431,0.569,-1.2871,0.0139062
WAS,2019,Bill Callahan,Case Keenum,3,6,5.8454,Under,130,-150,0.0348,0.4202,0.5798,-1.3558,0.0445687
CIN,2019,Zac Taylor,Andy Dalton,2,6,5.8454,Under,130,-150,0.0348,0.4202,0.5798,-1.3558,0.0327187
LAR,2017,Sean McVay,Jared Goff,11,6,5.8128,Over,140,-160,0.0321,0.4037,0.5963,-1.3106,0.0699875
TEN,2015,Ken Whisenhunt,Marcus Mariota,3,5.5,5.7996,Under,-200,180,0.0238,0.6512,0.3488,-1.349,-0.106413
OAK,2019,Jon Gruden,Derek Carr,7,6,5.792,Over,145,-170,0.0378,0.3933,0.6067,-1.3879,0.170862
KC,2008,Herm Edwards,Tyler Thigpen,2,5.5,5.7323,Under,-175,155,0.0285,0.6187,0.3813,-1.3338,-0.058525
NYJ,2022,Robert Saleh,Zach Wilson,7,5.5,5.7228,Over,-175,150,0.0364,0.614,0.386,-1.5394,0.117212
OAK,2015,Jack Del Rio,Derek Carr,7,5.5,5.6872,Over,-160,140,0.0321,0.5963,0.4037,-1.4118,0.0638313
CLE,2007,Romeo Crennel,Derek Anderson,10,5.5,5.6872,Over,-160,140,0.0321,0.5963,0.4037,-1.406,0.0153625
MIA,2005,Nick Saban,Gus Frerotte,9,5.5,5.6827,Over,-165,135,0.0482,0.594,0.406,-1.4501,0.125825
DEN,2024,Sean Payton,Bo Nix,10,5.5,5.6715,Over,-157,134,0.0382,0.5884,0.4116,-1.4745,0.0947353
ARI,2013,Bruce Arians,Carson Palmer,10,5.5,5.6562,Over,-160,125,0.0598,0.5806,0.4194,-1.4785,0.28445
LAR,2009,Steve Spagnuolo,Marc Bulger,1,5.5,5.6332,Under,-150,120,0.0545,0.569,0.431,-1.4715,0.0461562
NYG,2025,Brian Daboll,Jaxson Dart,4,5.5,5.6087,Under,-140,115,0.0484,0.5564,0.4436,-1.6007,0.261312
HOU,2006,Gary Kubiak,David Carr,6,5.5,5.5823,Over,-130,110,0.0414,0.5427,0.4573,-1.5316,0.0768875
CLE,2010,Eric Mangini,Colt McCoy,5,5.5,5.5588,Under,-130,100,0.0652,0.5306,0.4694,-1.4504,0.127562
ARI,2004,Dennis Green,Josh McCown,6,5.5,5.5588,Over,-130,100,0.0652,0.5306,0.4694,-1.5264,-0.0287312
CIN,2003,Marvin Lewis,Jon Kitna,8,5.5,5.5588,Over,-130,100,0.0652,0.5306,0.4694,-1.5912,0.00472499
JAX,2015,Gus Bradley,Blake Bortles,5,5.5,5.5418,Under,-120,100,0.0455,0.5217,0.4783,-1.493,0.0984563
CIN,2020,Zac Taylor,Joe Burrow,4,5.5,5.5194,Under,-120,-110,0.0693,0.5101,0.4899,-1.5558,0.0740562
BUF,2011,Chan Gailey,Ryan Fitzpatrick,6,5.5,5.5194,Over,-120,-110,0.0693,0.5101,0.4899,-1.4849,0.189206
MIA,2008,Tony Sparano,Chad Pennington,11,5.5,5.5,Over,-110,-110,0.0476,0.5,0.5,-1.4743,0.0067625
CAR,2020,Matt Rhule,Teddy Bridgewater,5,5.5,5.4806,Under,-110,-120,0.0693,0.4899,0.5101,-1.5782,0.138475
JAX,2012,Mike Mularkey,Blaine Gabbert,2,5.5,5.4806,Under,-110,-120,0.0693,0.4899,0.5101,-1.5341,0.0358813
IND,2012,Chuck Pagano,Andrew Luck,11,5.5,5.461,Over,-105,-125,0.0678,0.4797,0.5203,-1.5452,-0.0253625
WAS,2020,Ron Rivera,Alex Smith,7,5.5,5.4412,Over,100,-130,0.0652,0.4694,0.5306,-1.6008,0.0814313
CHI,2017,John Fox,Mitch Trubisky,5,5.5,5.4376,Under,105,-125,0.0434,0.4675,0.5325,-1.5274,0.145413
SF,2016,Chip Kelly,Colin Kaepernick,2,5.5,5.4177,Under,110,-130,0.0414,0.4573,0.5427,-1.5709,0.209169
CIN,2011,Marvin Lewis,Andy Dalton,9,5.5,5.4026,Over,110,-140,0.0595,0.4494,0.5506,-1.5515,-0.128138
BUF,2018,Sean McDermott,Josh Allen,6,5.5,5.3803,Over,120,-140,0.0379,0.438,0.562,-1.6118,0.116981
TEN,2006,Jeff Fisher,Vince Young,8,5.5,5.3803,Over,120,-140,0.0379,0.438,0.562,-1.6498,0.229175
CLE,2012,Pat Shurmur,Brandon Weeden,5,5.5,5.3161,Under,133,-170,0.0588,0.4053,0.5947,-1.6277,0.163544
OAK,2013,Dennis Allen,Terrelle Pryor,4,5.5,5.236,Under,160,-200,0.0513,0.3659,0.6341,-1.7231,-0.00024374
JAX,2014,Gus Bradley,Blake Bortles,3,5,5.1546,Under,-150,130,0.0348,0.5798,0.4202,-1.7225,-0.0609812
DET,2010,Jim Schwartz,Shaun Hill,6,5,5.1503,Over,-155,125,0.0523,0.5776,0.4224,-1.6903,0.13545
DET,2021,Dan Campbell,Jared Goff,3,5,5.0823,Under,-130,110,0.0414,0.5427,0.4573,-1.9088,0.128176
OAK,2014,Tony Sparano,Derek Carr,3,5,5.0823,Under,-130,110,0.0414,0.5427,0.4573,-1.7637,0.21655
SF,2004,Dennis Erickson,Tim Rattay,2,5,5.0588,Under,-130,100,0.0652,0.5306,0.4694,-1.8209,0.113444
HOU,2003,Dom Capers,David Carr,5,5,5.0588,Push,-130,100,0.0652,0.5306,0.4694,-1.8799,0.108556
ARI,2019,Kliff Kingsbury,Kyler Murray,5,5,5.0418,Push,-120,100,0.0455,0.5217,0.4783,-1.8374,0.150231
OAK,2007,Lane Kiffin,Josh McCown,4,5,5.0418,Under,-120,100,0.0455,0.5217,0.4783,-1.7912,0.0713125
BUF,2010,Chan Gailey,Ryan Fitzpatrick,4,5,5.039,Under,-125,-105,0.0678,0.5203,0.4797,-1.7556,0.165381
JAX,2013,Gus Bradley,Chad Henne,4,5,5,Under,-115,-115,0.0698,0.5,0.5,-1.8605,-0.0336812
SF,2017,Kyle Shanahan,Brian Hoyer,6,5,4.9582,Over,100,-120,0.0455,0.4783,0.5217,-1.8043,0.0572875
SF,2006,Mike Nolan,Alex Smith,7,5,4.9582,Over,100,-120,0.0455,0.4783,0.5217,-1.8969,-0.00861875
HOU,2021,David Culley,Davis Mills,4,5,4.9177,Under,110,-130,0.0414,0.4573,0.5427,-1.9981,0.146224
CAR,2024,Dave Canales,Andy Dalton,5,4.5,4.8899,Over,-260,212,0.0427,0.6926,0.3074,-1.8859,-0.0521824
CLE,2005,Romeo Crennel,Trent Dilfer,6,5,4.8844,Over,115,-145,0.057,0.4401,0.5599,-1.9207,0.148444
ATL,2022,Arthur Smith,Marcus Mariota,7,5,4.8625,Over,125,-145,0.0363,0.4289,0.5711,-2.011,0.0790118
ARI,2003,Dave McGinnis,Jeff Blake,4,5,4.8497,Under,125,-155,0.0523,0.4224,0.5776,-2.0006,-0.0826
CLE,2017,Hue Jackson,DeShone Kizer,0,4.5,4.7277,Under,-180,150,0.0429,0.6164,0.3836,-1.9375,0.00538125
CLE,2016,Hue Jackson,Cody Kessler,1,4.5,4.6546,Under,-150,130,0.0348,0.5798,0.4202,-2.0063,0.115881
ATL,2008,Mike Smith,Matt Ryan,11,4.5,4.6546,Over,-150,130,0.0348,0.5798,0.4202,-1.9855,-0.0723188
CLE,2025,Kevin Stefanski,Shedeur Sanders,5,4.5,4.6267,Over,-145,120,0.0464,0.5656,0.4344,-2.1412,0.310959
NE,2024,Jerod Mayo,Drake Maye,4,4.5,4.6117,Under,-139,117,0.0424,0.5579,0.4421,-2.0323,0.315441
NO,2025,Kellen Moore,Tyler Shough,6,4.5,4.59,Over,-135,110,0.0507,0.5468,0.4532,-2.1613,-0.189482
DET,2009,Jim Schwartz,Matthew Stafford,2,4.5,4.5666,Under,-135,100,0.0745,0.5347,0.4653,-2.1012,0.141156
LAR,2010,Steve Spagnuolo,Sam Bradford,7,4.5,4.539,Over,-125,-105,0.0678,0.5203,0.4797,-2.0492,-0.2171
ARI,2023,Jonathan Gannon,Joshua Dobbs,4,4.5,4.5208,Under,-115,-105,0.0471,0.5108,0.4892,-2.2395,0.117182
JAX,2020,Doug Marrone,Gardner Minshew II,1,4.5,4.5194,Under,-120,-110,0.0693,0.5101,0.4899,-2.1317,0.0186
CAR,2011,Ron Rivera,Cam Newton,6,4.5,4.461,Over,-105,-125,0.0678,0.4797,0.5203,-2.0877,0.200487
HOU,2022,Lovie Smith,Davis Mills,3,4.5,4.4582,Under,100,-120,0.0455,0.4783,0.5217,-2.2326,0.122524
MIA,2019,Brian Flores,Ryan Fitzpatrick,5,4.5,4.4582,Over,100,-120,0.0455,0.4783,0.5217,-2.187,0.132887
SF,2005,Mike Nolan,Alex Smith,4,4.5,4.4412,Under,100,-130,0.0652,0.4694,0.5306,-2.182,-0.0149562
LAC,2004,Marty Schottenheimer,Drew Brees,12,4.5,4.4026,Over,110,-140,0.0595,0.4494,0.5506,-2.2073,0.248944
NYJ,2017,Todd Bowles,Josh McCown,5,3.5,3.3625,Over,125,-145,0.0363,0.4289,0.5711,-2.7261,0.106212